"","stream_segment_ID","direction","flowing_width","percent_nonflow","code","notes","environment","measurer_name","date","stream_order","GPS.Waypoint","UTM_X","UTM_Y","elev_m","acc_m2","slopes","r_param","w_model"
"1","S1","Downstream",7.62,0,"","","Pasture","Eric","12-Jul-15",1,NA,725915.41,5315098.46,231.51,9152,-0.130219814833942,2.45456484053284,23.96
"2","S1","Downstream",13.716,10,"","","Pasture","Eric","12-Jul-15",1,NA,725920.64,5315095.77,229.61,9152,-0.130219814833942,9.71945900842547,31.65
"3","S1","Downstream",12.7,0,"","","Pasture","Eric","12-Jul-15",1,NA,725923.95,5315093.55,229.61,10688,-0.130219814833942,3.48005885700695,27.93
"4","S1","Downstream",14.224,30,"","","Pasture","Eric","12-Jul-15",1,NA,725929.16,5315091.29,226.59,10688,-0.130219814833942,1.58193507697433,22.44
"5","S1","Downstream",7.62,0,"","","Pasture","Eric","12-Jul-15",1,NA,725934,5315091.99,224.89,10752,-0.130219814833942,6.0998337008059,31.53
"6","S1","Downstream",22.86,0,"","","Pasture","Eric","12-Jul-15",1,NA,725937.94,5315090.29,224.89,10752,-0.130219814833942,4.46317658829503,29.66
"7","S1","Downstream",21.59,50,"","","Pasture","Eric","12-Jul-15",1,NA,725941.66,5315088.72,223.48,10752,-0.130219814833942,4.58464604988694,29.83
"8","S1","Downstream",5.08,0,"","","Pasture","Eric","12-Jul-15",1,NA,725945.96,5315088.51,223.48,18432,-0.130219814833942,4.07655491330661,36.1
"9","S1","Downstream",10.16,0,"","","Pasture","Eric","12-Jul-15",1,NA,725951.38,5315086.23,222.27,18432,-0.130219814833942,2.18117840890773,30.51
"10","S1","Downstream",15.24,0,"","","Pasture","Eric","12-Jul-15",1,NA,725954.74,5315082.79,221.25,18688,-0.130219814833942,9.30496828490868,42.16
"11","S1","Downstream",12.7,0,"","","Pasture","Eric","12-Jul-15",1,NA,725958.24,5315085.36,221.15,18688,-0.130219814833942,1.41607033926994,26.94
"12","S1","Downstream",13.97,50,"","","Pasture","Eric","12-Jul-15",1,NA,725960.71,5315088.35,221.15,18688,-0.130219814833942,8.76042059063911,41.81
"13","S1","Downstream",12.192,60,"","","Pasture","Eric","12-Jul-15",1,NA,725965.91,5315085.37,219.95,19008,-0.130219814833942,7.39888950879686,41.06
"14","S1","Downstream",12.7,0,"","","Pasture","Eric","12-Jul-15",1,NA,725970.34,5315086.34,219.95,23616,-0.130219814833942,6.44742532866076,43.83
"15","S1","Downstream",193.04,80,"LT","in cm","Pasture","Eric","12-Jul-15",1,NA,725974.74,5315085.3,218.62,23616,-0.130219814833942,3.48708117147908,38.37
"16","S1","Downstream",124.46,90,"LT","","Pasture","Eric","12-Jul-15",1,NA,725979.63,5315084.46,218.62,24960,-0.130219814833942,1.46189712290652,30.39
"17","S1","Downstream",187.96,80,"LT","","Pasture","Eric","12-Jul-15",1,NA,725983.96,5315087.09,217.07,25344,-0.130219814833942,9.83516945294105,48.1
"18","S1","Downstream",68.072,60,"LT","","Pasture","Eric","12-Jul-15",1,NA,725988.46,5315087.22,215.63,25344,-0.130219814833942,7.01066078618169,45.76
"19","S1","Downstream",33.02,0,"","","Pasture","Eric","12-Jul-15",1,NA,725993.99,5315088.93,215.63,25344,-0.130219814833942,1.1324092282448,28.38
"20","S1","Downstream",12.7,0,"","","Pasture","Eric","12-Jul-15",1,NA,725996.7,5315092.64,214.36,25728,-0.130219814833942,7.45489779231139,46.51
"21","S1","Downstream",17.78,30,"","","Pasture","Eric","12-Jul-15",1,NA,726001.21,5315092.78,214.36,25728,-0.130219814833942,7.4621786235366,46.52
"22","S1","Downstream",8.128,20,"","","Pasture","Eric","12-Jul-15",1,NA,726006.7,5315093.32,212.99,27328,-0.130219814833942,2.64538820157759,37.71
"23","S1","Downstream",33.02,0,"","","Pasture","Eric","12-Jul-15",1,NA,726011.48,5315092.13,212.99,27328,-0.130219814833942,4.93155959644355,44.14
"24","S1","Downstream",35.56,0,"","","Pasture","Eric","12-Jul-15",1,NA,726014.79,5315090.35,213.78,27328,-0.130219814833942,1.17065821192227,29.47
"25","S1","Downstream",17.78,0,"","","Pasture","Eric","12-Jul-15",1,NA,726019.66,5315090.34,213.78,27776,-0.130219814833942,7.5915514738299,48.12
"26","S1","Downstream",4.572,40,"","","Pasture","Eric","12-Jul-15",1,NA,726020.47,5315088.38,213.37,27776,-0.130219814833942,2.57780815591104,37.67
"27","S1","Downstream",17.78,0,"","knickpoint here","Pasture","Eric","12-Jul-15",1,NA,726027.61,5315087.02,213.37,27776,-0.130219814833942,3.64715127949603,41.41
"28","S1","Downstream",20.32,0,"","","Pasture","Eric","12-Jul-15",1,NA,726028.43,5315082.23,214.48,27776,-0.130219814833942,1.750618070364,33.48
"29","S1","Downstream",12.446,30,"","","Pasture","Eric","12-Jul-15",1,NA,726032.92,5315080.36,214.48,27776,-0.130219814833942,7.61014277394861,48.14
"30","S1","Downstream",13.97,50,"","","Pasture","Eric","12-Jul-15",1,NA,726036.37,5315078.92,213.86,27776,-0.130219814833942,2.36510073742829,36.72
"31","S1","Downstream",10.16,0,"","","Pasture","Eric","12-Jul-15",1,NA,726041.89,5315076.62,213.86,27776,-0.130219814833942,8.55551795195788,49
"32","S1","Downstream",22.86,0,"","","Pasture","Eric","12-Jul-15",1,NA,726047.07,5315074.45,214.05,27776,-0.130219814833942,3.34109190641902,40.49
"33","S1","Downstream",23.368,60,"","","Pasture","Eric","12-Jul-15",1,NA,726051.71,5315073.74,212.8,28224,-0.130219814833942,1.00210348679684,28.6
"34","S1","Downstream",5.08,50,"","","Pasture","Eric","12-Jul-15",1,NA,726057.17,5315073.9,212.8,28224,-0.130219814833942,1.51173088164069,32.19
"42","S1","Downstream",7.62,0,"","","Pasture","Eric","12-Jul-15",1,NA,726091.36,5315086.72,205.63,34304,-0.130219814833942,6.95236564707011,51.69
"43","S1","Downstream",17.78,0,"","","Pasture","Eric","12-Jul-15",1,NA,726093.27,5315090.97,203.85,34304,-0.130219814833942,9.15028958464973,53.93
"44","S1","Downstream",20.32,0,"","","Pasture","Eric","12-Jul-15",1,NA,726097.69,5315092.13,203.85,34304,-0.130219814833942,7.89741678279825,52.78
"45","S1","Downstream",33.02,0,"","","Pasture","Eric","12-Jul-15",1,NA,726102.67,5315093.51,202.58,34304,-0.130219814833942,2.97868563351221,42.69
"46","S1","Downstream",38.1,0,"","","Pasture","Eric","12-Jul-15",1,NA,726104.99,5315097.99,202.37,34368,-0.130219814833942,4.066026823828,46.34
"47","S1","Downstream",53.34,50,"","","Pasture","Eric","12-Jul-15",1,NA,726108.48,5315098.22,201.16,34368,-0.130219814833942,6.87999779963866,51.64
"48","S1","Downstream",30.48,20,"","right before culvert","Pasture","Eric","12-Jul-15",1,NA,726111.72,5315101.9,201.16,34368,-0.130219814833942,2.80393148516305,41.99
"49","S1","Downstream",5.08,0,"","out of culvert pipe","Pasture","Eric","12-Jul-15",1,NA,726116.48,5315104.13,200.4,34432,-0.130219814833942,8.89032673113979,53.79
"50","S1","Downstream",20.32,50,"","lots of anthro influence, pipes","Pasture","Eric","12-Jul-15",1,NA,726119.69,5315107.8,200.27,101504,-0.130219814833942,5.72101869783364,77.44
"51","S1","Downstream",20.32,0,"","","Pasture","Eric","12-Jul-15",1,NA,726121.68,5315112.76,200.15,101504,-0.130219814833942,8.9295128074009,83.75
"52","S1","Downstream",25.4,50,"","mostly marshy with islands of grass in mud.","Pasture","Eric","12-Jul-15",1,438,726120.44,5315118.74,200.15,101504,-0.130219814833942,7.35963803064078,81.2
"53","S3","Downstream",39.116,30,"","","Pasture","Eric","12-Jul-15",2,438,726123.16,5315122.41,199.73,101504,-0.0311699201478024,5.93203063332476,83.31
"54","S3","Downstream",20.32,50,"","","Pasture","Eric","12-Jul-15",2,NA,726121.84,5315126.49,199.73,101504,-0.0311699201478024,3.73866174882278,77.33
"55","S3","Downstream",38.862,10,"","","Pasture","Eric","12-Jul-15",2,NA,726123.36,5315130.65,199.36,101504,-0.0311699201478024,9.91579294274561,88.54
"56","S3","Downstream",17.78,0,"","","Pasture","Eric","12-Jul-15",2,NA,726120.76,5315133.8,199.36,101504,-0.0311699201478024,8.00308194593526,86.55
"57","S3","Downstream",43.18,0,"","","Pasture","Eric","12-Jul-15",2,NA,726123.06,5315138.36,198.96,101504,-0.0311699201478024,7.61714294552803,86.05
"58","S3","Downstream",38.1,50,"","","Pasture","Eric","12-Jul-15",2,NA,726121.11,5315142.07,198.96,101504,-0.0311699201478024,2.17087980755605,69.45
"59","S3","Downstream",45.72,0,"","","Pasture","Eric","12-Jul-15",2,NA,726122.6,5315145.96,198.58,101504,-0.0311699201478024,3.12126017617993,74.75
"60","S3","Downstream",54.864,20,"","","Pasture","Eric","12-Jul-15",2,NA,726119.81,5315150.19,198.58,101504,-0.0311699201478024,3.04979343572631,74.41
"61","S3","Downstream",11.43,10,"","","Pasture","Eric","12-Jul-15",2,NA,726119.88,5315154.94,198.34,101504,-0.0311699201478024,7.17735145357437,85.44
"62","S3","Downstream",40.64,0,"","","Pasture","Eric","12-Jul-15",2,NA,726121.38,5315158.99,198.34,101504,-0.0311699201478024,7.30524388165213,85.62
"63","S3","Downstream",30.48,0,"","","Pasture","Eric","12-Jul-15",2,NA,726117.76,5315162.26,197.98,101504,-0.0311699201478024,5.16354936943389,81.63
"64","S3","Downstream",30.48,50,"","","Pasture","Eric","12-Jul-15",2,NA,726114.67,5315164.73,197.87,101504,-0.0311699201478024,3.58269901853055,76.72
"65","S3","Downstream",22.86,10,"","","Pasture","Eric","12-Jul-15",2,NA,726115.35,5315169.6,197.87,111616,-0.0311699201478024,9.52103313757107,91.68
"66","S3","Downstream",33.02,0,"","","Pasture","Eric","12-Jul-15",2,441,726111.5,5315173.93,197.87,111616,-0.0311699201478024,1.71075284620747,68.61
"67","S4","Upstream",27.432,10,"","","Pasture","Eric","12-Jul-15",2,441,726107.99,5315173.06,198.12,59968,0.0902528076285991,1.08078384399414,41.39
"68","S4","Upstream",22.86,0,"","","Pasture","Eric","12-Jul-15",2,NA,726103.68,5315172.69,198.12,59328,0.0902528076285991,3.42888421169482,56.73
"69","S4","Upstream",29.718,10,"","","Pasture","Eric","12-Jul-15",2,NA,726099.97,5315172.92,198.77,59328,0.0902528076285991,9.56217342731543,68.62
"70","S4","Upstream",25.4,0,"","knickpoint","Pasture","Eric","12-Jul-15",2,NA,726096.39,5315172.91,198.77,58816,0.0902528076285991,3.28262884006836,55.92
"71","S4","Upstream",42.672,20,"","","Pasture","Eric","12-Jul-15",2,NA,726092.21,5315169.93,199.42,58816,0.0902528076285991,4.55354549689218,60.36
"72","S4","Upstream",28.448,30,"","","Pasture","Eric","12-Jul-15",2,NA,726087.85,5315169.98,199.42,24192,0.0902528076285991,7.21130373119377,45.75
"73","S4","Upstream",43.18,0,"","","Pasture","Eric","12-Jul-15",2,NA,726083.98,5315167.3,199.72,24192,0.0902528076285991,3.24609951069579,39.13
"74","S4","Upstream",24.384,20,"","","Pasture","Eric","12-Jul-15",2,NA,726081.11,5315170.62,200.17,24192,0.0902528076285991,7.34250888018869,45.88
"76","S4","Upstream",22.86,0,"","","Pasture","Eric","12-Jul-15",2,NA,726072.1,5315170.42,200.96,19776,0.0902528076285991,9.36351655749604,43.66
"77","S4","Upstream",30.48,0,"","","Pasture","Eric","12-Jul-15",2,NA,726068.25,5315171.92,201.71,19776,0.0902528076285991,2.51081880182028,33.86
"78","S4","Upstream",25.4,0,"","before culvert","Pasture","Eric","12-Jul-15",2,NA,726066.63,5315175.27,201.71,19776,0.0902528076285991,8.60164902801625,43.2
"80","S4","Upstream",22.352,20,"","","Pasture","Eric","12-Jul-15",2,442,726059.95,5315180.92,203.26,16192,0.0902528076285991,2.56638632505201,31.47
"86","S5","Upstream",7.62,0,"","","Pasture","Eric","12-Jul-15",1,NA,726052.8,5315208.36,207.44,1024,0.173062372689567,8.01459822198376,12.49
"88","S5","Upstream",8.89,50,"","","Pasture","Eric","12-Jul-15",1,NA,726048.41,5315216.72,208.86,960,0.173062372689567,1.1949261832051,7.93
"89","S6","Upstream",17.78,50,"","","Pasture","Eric","12-Jul-15",1,442,726055.19,5315181.83,203.26,16192,0.153450605988205,8.30895986128598,38.92
"92","S6","Upstream",27.432,10,"","","Pasture","Eric","12-Jul-15",1,NA,726041.62,5315179.2,205.09,10944,0.153450605988205,3.98713920312002,28.82
"94","S6","Upstream",18.288,40,"","","Pasture","Eric","12-Jul-15",1,NA,726031.41,5315179.23,206.29,10560,0.153450605988205,7.78218372329138,32.37
"95","S6","Upstream",5.08,60,"","","Pasture","Eric","12-Jul-15",1,NA,726027.68,5315177.61,207.09,10560,0.153450605988205,6.61571456538513,31.52
"96","S6","Upstream",6.096,70,"","","Pasture","Eric","12-Jul-15",1,NA,726023.2,5315175.19,207.09,10176,0.153450605988205,7.98108206316829,32.01
"97","S6","Upstream",9.906,70,"","","Pasture","Eric","12-Jul-15",1,NA,726018.48,5315175.59,208.48,10176,0.153450605988205,4.11392698856071,28.19
"98","S6","Upstream",16.764,40,"","","Pasture","Eric","12-Jul-15",1,NA,726012.76,5315175.07,209.87,9792,0.153450605988205,7.24145303666592,31.04
"99","S6","Upstream",18.288,60,"","","Pasture","Eric","12-Jul-15",1,NA,726008.02,5315175.45,209.87,9408,0.153450605988205,7.93614889727905,30.97
"100","S6","Upstream",11.43,10,"","","Pasture","Eric","12-Jul-15",1,NA,726003.77,5315176.34,211.23,9408,0.153450605988205,3.9950110046193,27.13
"101","S6","Upstream",10.16,0,"","","Pasture","Eric","12-Jul-15",1,NA,725999.49,5315179.75,211.73,8960,0.153450605988205,6.53178421990015,29.42
"102","S6","Upstream",25.146,10,"","","Pasture","Eric","12-Jul-15",1,NA,725995.1,5315181.15,213.07,8960,0.153450605988205,6.22227394394577,29.17
"103","S6","Upstream",15.24,0,"","","Pasture","Eric","12-Jul-15",1,NA,725993.46,5315185.69,213.07,8320,0.153450605988205,7.62273998651654,29.28
"105","S6","Upstream",12.7,0,"","","Pasture","Eric","12-Jul-15",1,NA,725985.33,5315184.32,214.35,7808,0.153450605988205,5.14376044622622,26.6
"109","S6","Upstream",5.08,0,"","small pool","Pasture","Eric","12-Jul-15",1,NA,725967.93,5315191.91,217.8,5696,0.153450605988205,1.04942115326412,15.39
"110","S7","Downstream",106.68,30,"","island in channel","Pasture","Emily","12-Jul-15",3,441,726114.99,5315176.36,197.87,111616,-0.12317416607575,3.66341883107089,72.65
"111","S7","Downstream",20.574,10,"","one section frozen over","Pasture","Emily","12-Jul-15",3,NA,726115.78,5315180.64,198.2,111616,-0.12317416607575,2.48435616958886,64.86
"112","S7","Downstream",44.704,20,"","","Pasture","Emily","12-Jul-15",3,NA,726119.54,5315181.78,197.87,111680,-0.12317416607575,1.84021224803291,58.83
"113","S7","Downstream",20.574,10,"","entering steeper valley - stream cuts through with same slope","Pasture","Emily","12-Jul-15",3,NA,726121.39,5315185.98,198.4,111680,-0.12317416607575,2.66999297449365,66.34
"114","S7","Downstream",28.448,20,"","","Pasture","Emily","12-Jul-15",3,NA,726122.15,5315191.37,198.4,111680,-0.12317416607575,4.01254426548257,74.41
"115","S7","Downstream",28.448,30,"","","Pasture","Emily","12-Jul-15",3,NA,726121.99,5315196.21,199.26,111680,-0.12317416607575,8.94482705579139,87.26
"116","S7","Downstream",48.768,40,"","","Forest","Emily","12-Jul-15",3,NA,726121.99,5315196.61,199.26,111680,-0.12317416607575,8.34113472909667,86.34
"117","S7","Downstream",30.48,0,"","","Forest","Emily","12-Jul-15",3,NA,726123.01,5315204.99,201.05,113024,-0.12317416607575,6.75937000685371,83.76
"118","S7","Downstream",77.724,10,"","rocks fill this channel, which is very different from in the pasture land","Forest","Emily","12-Jul-15",3,NA,726124.09,5315209.94,203.11,113024,-0.12317416607575,8.07240127213299,86.32
"119","S7","Downstream",66.04,0,"","","Forest","Emily","12-Jul-15",3,NA,726125.35,5315214.53,203.11,114176,-0.12317416607575,3.71451409766451,73.58
"120","S7","Downstream",65.786,30,"","","Forest","Emily","12-Jul-15",3,NA,726129.82,5315217.43,204.55,114176,-0.12317416607575,6.15883156610653,82.64
"121","S7","Downstream",198.12,0,"","","Forest","Emily","12-Jul-15",3,NA,726134.03,5315219.23,204.55,115776,-0.12317416607575,8.91110746399499,88.5
"122","S7","Downstream",99.06,50,"","","Forest","Emily","12-Jul-15",3,NA,726139.46,5315220.67,202.89,115776,-0.12317416607575,1.31775854434818,53.38
"123","S7","Downstream",54.864,40,"","","Forest","Emily","12-Jul-15",3,NA,726142.74,5315221.13,201.1,115776,-0.12317416607575,9.26836337801069,89.01
"124","S7","Downstream",30.48,20,"","log jam","Forest","Emily","12-Jul-15",3,NA,726148.33,5315220.89,201.1,117568,-0.12317416607575,4.72748095961288,79.06
"125","S7","Downstream",59.436,10,"","","Forest","Emily","12-Jul-15",3,NA,726153.7,5315221.2,198.77,117568,-0.12317416607575,2.1465406906791,63.16
"126","S7","Downstream",71.12,30,"","","Forest","Emily","12-Jul-15",3,NA,726158.59,5315221.93,197.18,117568,-0.12317416607575,9.44650682853535,89.81
"127","S7","Downstream",105.156,40,"","","Forest","Emily","12-Jul-15",3,NA,726162.43,5315221.63,197.18,117568,-0.12317416607575,6.39671387569979,84.24
"128","S7","Downstream",75.438,10,"","","Forest","Emily","12-Jul-15",3,NA,726162.84,5315221.84,197.18,117568,-0.12317416607575,9.17838089400902,89.44
"129","S7","Downstream",66.04,50,"","","Forest","Emily","12-Jul-15",3,NA,726170.57,5315220.66,195.85,119488,-0.12317416607575,9.53682589204982,90.53
"130","S7","Downstream",38.862,10,"","","Forest","Emily","12-Jul-15",3,NA,726175.56,5315221.49,193.96,120576,-0.12317416607575,5.88634242559783,83.74
"132","S7","Downstream",11.43,50,"","","Forest","Emily","12-Jul-15",3,NA,726182.21,5315223.98,196.82,120576,-0.12317416607575,3.56077665369958,74.36
"133","S7","Downstream",24.384,60,"","","Forest","Emily","12-Jul-15",3,NA,726185.39,5315225.54,195.27,122368,-0.12317416607575,7.44054012652487,87.98
"137","S7","Downstream",22.86,10,"","leaf litter","Forest","Emily","12-Jul-15",3,NA,726204.72,5315237.01,192.96,125120,-0.12317416607575,2.75719597749412,70.08
"138","S7","Downstream",62.23,30,"","","Forest","Emily","12-Jul-15",3,NA,726211.99,5315238.68,191.8,125120,-0.12317416607575,3.11047944356687,72.65
"141","S7","Downstream",26.416,20,"","","Forest","Emily","12-Jul-15",3,NA,726224.34,5315244.53,189.56,127104,-0.12317416607575,6.00124474568292,85.89
"142","S7","Downstream",60.96,0,"","","Forest","Emily","12-Jul-15",3,NA,726225.7,5315247.87,187.83,128000,-0.12317416607575,9.3015247057192,92.79
"143","S7","Downstream",64.008,70,"MC","~2m knickpoint with big boulder separating two channels","Forest","Emily","12-Jul-15",3,NA,726227.12,5315250.47,187.83,128000,-0.12317416607575,2.16508461628109,65.49
"144","S7","Downstream",40.64,20,"","","Forest","Emily","12-Jul-15",3,NA,726230.36,5315256.94,188.38,128000,-0.12317416607575,6.20260151242837,86.69
"145","S7","Downstream",76.2,40,"","","Forest","Emily","12-Jul-15",3,NA,726230.05,5315259.75,188.38,128768,-0.12317416607575,7.76433747378178,90.47
"146","S7","Downstream",37.338,30,"","S8 subsumed into S7 because there is no tributary splitting S7 and S8","Forest","Emily","12-Jul-15",3,NA,726235.55,5315263.2,186.94,128768,-0.12317416607575,2.75728355371393,70.89
"149","S7","Downstream",48.26,0,"","small pool","Forest","Emily","12-Jul-15",3,NA,726245.01,5315271.45,183.57,129152,-0.12317416607575,3.03641430474818,73.05
"150","S7","Downstream",73.66,50,"","","Forest","Emily","12-Jul-15",3,NA,726246.04,5315277.6,182.86,130304,-0.12317416607575,8.49842394585721,92.22
"151","S7","Downstream",44.45,50,"","","Forest","Emily","12-Jul-15",3,NA,726249.84,5315280.46,179.95,130304,-0.12317416607575,4.60119934263639,81.88
"152","S7","Downstream",134.62,0,"","","Forest","Emily","12-Jul-15",3,NA,726251.89,5315283.84,179.95,130304,-0.12317416607575,7.19724576664157,89.75
"153","S7","Downstream",66.04,50,"","","Forest","Emily","12-Jul-15",3,NA,726255.47,5315288.82,178.86,131712,-0.12317416607575,4.87942623742856,83.37
"154","S7","Downstream",25.4,0,"","dry channel further away, looks to be a channel only occupied in high flow","Forest","Emily","12-Jul-15",3,NA,726257.75,5315291.49,176.61,131712,-0.12317416607575,1.33723195805214,56.35
"158","S7","Downstream",25.4,0,"","","Forest","Emily","12-Jul-15",3,NA,726271.06,5315306.59,173.1,132096,-0.12317416607575,9.61813867813908,94.43
"159","S7","Downstream",38.1,0,"","","Forest","Emily","12-Jul-15",3,NA,726272.61,5315311.69,172.78,132096,-0.12317416607575,7.85337280901149,91.59
"160","S7","Downstream",57.912,60,"MC","last measurement in island between two channels","Forest","Emily","12-Jul-15",3,445,726272.12,5315316.09,170.87,134016,-0.12317416607575,4.36240978422575,81.76
"161","S7","Downstream",111.76,0,"","","Forest","Emily","13-Jul-15",3,445,726274.36,5315321.14,170.87,135104,-0.12317416607575,8.1590170012787,93
"162","S7","Downstream",15.748,90,"","","Forest","Emily","13-Jul-15",3,NA,726276.16,5315326.01,168.97,135104,-0.12317416607575,3.74432725529186,78.88
"163","S7","Downstream",55.88,0,"","","Forest","Emily","13-Jul-15",3,NA,726278.37,5315330.69,168.97,142848,-0.12317416607575,2.665389836533,73.09
"164","S7","Downstream",58.42,0,"","riffle-pool sequence","Forest","Emily","13-Jul-15",3,NA,726277.28,5315335.63,167.12,142848,-0.12317416607575,1.77867745095864,64
"165","S7","Downstream",27.432,10,"","","Forest","Emily","13-Jul-15",3,NA,726278.46,5315339.22,167.12,142848,-0.12317416607575,4.24420389835723,83.32
"166","S7","Downstream",81.28,0,"","","Forest","Emily","13-Jul-15",3,NA,726279.73,5315344.48,165.36,144064,-0.12317416607575,4.11341644683853,82.95
"167","S7","Downstream",73.152,20,"","steep-sided gully cut into landslide deposits","Forest","Emily","13-Jul-15",3,NA,726279.66,5315348.65,163.72,144064,-0.12317416607575,7.49396678176709,94.15
"168","S7","Downstream",66.294,10,"","","Forest","Emily","13-Jul-15",3,NA,726278.55,5315353.79,163.72,146112,-0.12317416607575,9.52596910414286,98.28
"169","S7","Downstream",40.64,20,"","","Forest","Emily","13-Jul-15",3,NA,726279.18,5315358.97,162.26,146112,-0.12317416607575,8.86885438649915,97.27
"170","S7","Downstream",29.718,10,"","","Forest","Emily","13-Jul-15",3,NA,726277.69,5315363.89,161.03,147264,-0.12317416607575,2.99831861350685,76.68
"171","S7","Downstream",35.56,30,"","","Forest","Emily","13-Jul-15",3,NA,726278.39,5315368.03,161.03,147392,-0.12317416607575,9.05489854770713,97.92
"172","S7","Downstream",73.152,10,"","","Forest","Emily","13-Jul-15",3,NA,726279.81,5315373.05,160.22,147392,-0.12317416607575,2.27213009446859,70.32
"173","S7","Downstream",51.816,40,"","","Forest","Emily","13-Jul-15",3,NA,726279.01,5315376.18,160.22,268160,-0.12317416607575,4.49678421253338,108.92
"174","S7","Downstream",45.72,0,"","","Forest","Emily","13-Jul-15",3,NA,726279.06,5315381.35,159.15,268160,-0.12317416607575,2.437852735864,91.09
"175","S7","Downstream",21.59,50,"","","Forest","Emily","13-Jul-15",3,446,726280.26,5315386.67,159.15,268288,-0.12317416607575,5.88363037072122,115.83
"176","S9","Upstream",75.184,20,"","","Forest","Eric","13-Jul-15",2,446,726283.3,5315385.7,160.68,268288,0.272561315213504,5.20343073504046,108.24
"177","S9","Upstream",27.94,0,"","","Forest","Eric","13-Jul-15",2,NA,726287.21,5315384.29,160.68,268288,0.272561315213504,2.09849707805552,79.29
"178","S9","Upstream",17.78,0,"","","Forest","Eric","13-Jul-15",2,NA,726290.84,5315382.81,163.53,118080,0.272561315213504,4.02100365934893,72.31
"179","S9","Upstream",23.114,30,"","","Forest","Eric","13-Jul-15",2,NA,726296.47,5315380.06,163.53,118080,0.272561315213504,3.51868656859733,69.37
"180","S9","Upstream",75.438,10,"","","Forest","Eric","13-Jul-15",2,NA,726300.41,5315379.88,166.23,70208,0.272561315213504,4.28482512617484,59.77
"181","S9","Upstream",69.342,30,"","","Forest","Eric","13-Jul-15",2,NA,726302.26,5315375.77,164.85,70208,0.272561315213504,9.60428654169664,71.21
"182","S9","Upstream",22.098,70,"","","Forest","Eric","13-Jul-15",2,447,726306.8,5315375.28,167.27,70208,0.272561315213504,5.98700191616081,65.07
"185","S10","Upstream",84.582,10,"","pool","Forest","Eric","13-Jul-15",1,NA,726309.28,5315361.7,165.65,46080,0.157402036026054,9.15862005855888,60.5
"187","S10","Upstream",3.81,50,"","","Forest","Eric","13-Jul-15",1,NA,726312.1,5315353.34,166.66,46080,0.157402036026054,7.05940915341489,58.01
"188","S10","Upstream",4.064,60,"","vegetation","Forest","Eric","13-Jul-15",1,NA,726310.9,5315346.84,166.66,45632,0.157402036026054,1.17971224733628,34.74
"189","S10","Upstream",52.578,10,"","","Forest","Eric","13-Jul-15",1,NA,726311.09,5315342.98,168.05,45632,0.157402036026054,1.71509073884226,39.35
"190","S10","Upstream",6.35,50,"","deeply incised channel","Forest","Eric","13-Jul-15",1,NA,726312.95,5315337.23,170.52,45632,0.157402036026054,8.15171202179044,59.2
"198","S10","Upstream",27.94,50,"","","Forest","Eric","13-Jul-15",1,NA,726328.2,5315300.61,179.47,42432,0.157402036026054,8.20929467817768,57.53
"199","S11","Upstream",21.59,50,"","covered by vegetation, but still flowing in grass tunnel","Forest","Eric","13-Jul-15",1,447,726308.45,5315375.21,167.27,70208,0.207100765436336,1.79484341805801,45.65
"200","S11","Upstream",13.208,60,"","","Forest","Eric","13-Jul-15",1,NA,726316.01,5315374.81,169.65,67840,0.207100765436336,2.24578595301136,48.89
"201","S11","Upstream",5.08,0,"","","Forest","Eric","13-Jul-15",1,NA,726321.3,5315374.85,171.9,67584,0.207100765436336,6.34958338970318,65.69
"202","S11","Upstream",27.94,50,"","","Forest","Eric","13-Jul-15",1,NA,726326.17,5315373.83,171.9,67584,0.207100765436336,8.83432378689758,69.77
"203","S11","Upstream",35.56,30,"","","Forest","Eric","13-Jul-15",1,NA,726328.97,5315373.85,171.9,66560,0.207100765436336,6.27689238847233,65.13
"204","S11","Upstream",14.224,30,"","","Forest","Eric","13-Jul-15",1,NA,726333.48,5315369.69,171.66,66560,0.207100765436336,3.09795772051439,54.11
"205","S11","Upstream",15.24,0,"","bedrock channel","Forest","Eric","13-Jul-15",1,NA,726338.65,5315369.78,173.55,63936,0.207100765436336,2.17710175085813,47.24
"206","S11","Upstream",93.98,0,"","","Forest","Eric","13-Jul-15",1,NA,726345.24,5315371.88,178.13,63488,0.207100765436336,7.99941763770767,66.89
"207","S11","Upstream",58.42,0,"","","Forest","Eric","13-Jul-15",1,NA,726346.62,5315372.22,178.13,63488,0.207100765436336,6.93123802286573,65.17
"208","S11","Upstream",13.208,60,"","","Forest","Eric","13-Jul-15",1,NA,726353.48,5315368.69,177.54,63040,0.207100765436336,9.97517178650014,69.07
"209","S11","Upstream",55.88,0,"","","Forest","Eric","13-Jul-15",1,NA,726359.62,5315368.27,177.54,62528,0.207100765436336,3.27723304228857,53.71
"210","S11","Upstream",14.224,60,"","","Forest","Eric","13-Jul-15",1,NA,726364.03,5315367.17,179.63,62528,0.207100765436336,2.38006963673979,48.33
"211","S11","Upstream",11.43,70,"","","Forest","Eric","13-Jul-15",1,NA,726368.48,5315368.87,179.63,62400,0.207100765436336,1.367314287927,39.4
"212","S11","Upstream",7.62,0,"","","Forest","Eric","13-Jul-15",1,NA,726373.86,5315368.72,181.6,62400,0.207100765436336,4.07184512610547,57.17
"213","S11","Upstream",10.668,70,"","","Forest","Eric","13-Jul-15",1,NA,726377.55,5315367.64,183.43,59840,0.207100765436336,3.87569012655877,55.45
"222","S11","Upstream",3.81,50,"","leaf litter","Forest","Eric","13-Jul-15",1,NA,726422.6,5315367.78,191.29,56704,0.207100765436336,6.70689732534811,61.84
"223","S11","Upstream",7.62,40,"","","Forest","Eric","13-Jul-15",1,NA,726426.94,5315370.2,195.33,56256,0.207100765436336,4.62216467014514,56.7
"225","S11","Upstream",22.098,70,"","","Forest","Eric","13-Jul-15",1,NA,726436.61,5315372.54,195.98,54080,0.207100765436336,8.02314520464279,62.69
"226","S11","Upstream",20.32,0,"","bedrock channel","Forest","Eric","13-Jul-15",1,NA,726440.81,5315371.77,197.75,51328,0.207100765436336,8.2466442794539,61.65
"227","S11","Upstream",17.78,0,"","bedrock channel","Forest","Eric","13-Jul-15",1,NA,726444.56,5315374.55,197.75,51328,0.207100765436336,4.44824292859994,54.11
"228","S11","Upstream",10.16,0,"","","Forest","Eric","13-Jul-15",1,NA,726448.44,5315376.56,201.69,49088,0.207100765436336,1.55278796004131,37.66
"229","S11","Upstream",8.382,70,"","","Forest","Eric","13-Jul-15",1,NA,726453.79,5315376.6,203.13,49088,0.207100765436336,2.62005506642163,45.4
"230","S11","Upstream",5.08,0,"","","Forest","Eric","13-Jul-15",1,NA,726458.89,5315375.18,204.1,49088,0.207100765436336,3.47198818647303,49.62
"232","S11","Upstream",10.16,0,"","","Forest","Eric","13-Jul-15",1,NA,726468.26,5315375.98,204.01,47808,0.207100765436336,2.21732075628825,42.42
"234","S11","Upstream",67.564,30,"","","Forest","Eric","13-Jul-15",1,NA,726477.45,5315373.45,203.03,47040,0.207100765436336,1.00183342606761,31.76
"235","S11","Upstream",30.226,30,"","","Forest","Eric","13-Jul-15",1,NA,726483.81,5315372.96,204.78,45184,0.207100765436336,4.79091217485256,52.37
"236","S11","Upstream",32.004,40,"","","Forest","Eric","13-Jul-15",1,NA,726487.52,5315370.84,204.78,43968,0.207100765436336,7.2975563290529,56.65
"237","S11","Upstream",16.51,50,"","","Forest","Eric","13-Jul-15",1,NA,726494.52,5315368.46,206.99,27200,0.207100765436336,8.35085547575727,47.66
"238","S12","Downstream",55.88,0,"","","Forest","Emily","13-Jul-15",3,446,726278.01,5315391.82,159.38,268288,-0.0718179779199646,5.38838046486489,116.78
"239","S12","Downstream",54.864,10,"","bankful channel is much wider than in pastureland, and stream meanders within channel","Forest","Emily","13-Jul-15",3,NA,726277.72,5315394.53,159.38,268288,-0.0718179779199646,6.47038323362358,120.8
"240","S12","Downstream",104.14,0,"","","Forest","Emily","13-Jul-15",3,NA,726278.52,5315398.65,159.23,269632,-0.0718179779199646,4.4545446257107,112.45
"241","S12","Downstream",143.256,60,"","","Forest","Emily","13-Jul-15",3,NA,726280.34,5315403.2,159.04,270720,-0.0718179779199646,5.97563372948207,119.53
"242","S12","Downstream",30.48,0,"","","Forest","Emily","13-Jul-15",3,NA,726278.48,5315407.99,159.04,272512,-0.0718179779199646,4.74517196998931,114.5
"243","S12","Downstream",107.442,10,"","small tape measure breaks","Forest","Emily","13-Jul-15",3,NA,726277.34,5315412.49,158.84,272512,-0.0718179779199646,7.04776151617989,123.33
"244","S12","Downstream",128.016,20,"","","Forest","Emily","13-Jul-15",3,NA,726278.72,5315417.82,158.84,272576,-0.0718179779199646,2.36508699110709,95.85
"245","S12","Downstream",100.584,10,"","","Forest","Emily","13-Jul-15",3,NA,726277.84,5315422.54,158.7,272576,-0.0718179779199646,7.64942074939609,124.96
"246","S12","Downstream",148.59,10,"","","Forest","Emily","13-Jul-15",3,NA,726275.18,5315426.4,158.7,275712,-0.0718179779199646,4.98305380181409,116.23
"247","S12","Downstream",142.24,0,"","","Forest","Emily","13-Jul-15",3,NA,726274.59,5315431.6,156.46,276928,-0.0718179779199646,8.75445014215074,128.27
"248","S12","Downstream",499.872,40,"LT","small tape measure unusable, using long tape, so in cm from here on out","Forest","Emily","13-Jul-15",3,NA,726275.89,5315435.96,158.63,276928,-0.0718179779199646,5.39683092781343,118.32
"249","S12","Downstream",401.828,30,"LT","","Forest","Emily","13-Jul-15",3,NA,726279.08,5315439.58,158.63,276992,-0.0718179779199646,1.77233600267209,88.5
"250","S12","Downstream",151.13,30,"LT","","Forest","Emily","13-Jul-15",3,NA,726278.97,5315444.78,158.64,276992,-0.0718179779199646,1.26567218266428,80.11
"251","S12","Downstream",373.38,0,"LT","","Forest","Emily","13-Jul-15",3,NA,726279.3,5315449.44,158.64,279296,-0.0718179779199646,9.44618421955965,130.05
"252","S12","Downstream",105.156,10,"LT","","Forest","Emily","13-Jul-15",3,NA,726280.79,5315453.31,159.72,279296,-0.0718179779199646,7.19766415772028,125
"253","S12","Downstream",101.6,0,"LT","","Forest","Emily","13-Jul-15",3,NA,726280.25,5315459.19,159.79,279296,-0.0718179779199646,5.03662936994806,117.09
"254","S12","Downstream",254,0,"LT","","Forest","Emily","13-Jul-15",3,NA,726280.14,5315464.02,159.79,282944,-0.0718179779199646,1.08370049903169,77.42
"255","S12","Downstream",105.41,50,"LT","","Forest","Emily","13-Jul-15",3,NA,726277.98,5315467.49,159.86,282944,-0.0718179779199646,2.78117387625389,101.87
"256","S12","Downstream",76.2,0,"LT","ongaonga","Forest","Emily","13-Jul-15",3,NA,726273.11,5315467.69,156.58,282944,-0.0718179779199646,4.71734360512346,116.1
"257","S12","Downstream",240.03,30,"LT","","Forest","Emily","13-Jul-15",3,NA,726269.49,5315472.08,156.58,282944,-0.0718179779199646,6.0003079904709,121.79
"258","S12","Downstream",444.5,30,"LT","","Forest","Emily","13-Jul-15",3,NA,726269.04,5315476.04,156.39,282944,-0.0718179779199646,1.1497419772204,78.64
"259","S12","Downstream",138.43,50,"LT","@ fence","Forest","Emily","13-Jul-15",3,NA,726267.33,5315479.6,153.03,282944,-0.0718179779199646,6.65311937197112,124.04
"260","S12","Downstream",106.68,0,"LT","","Forest","Emily","13-Jul-15",3,NA,726267.99,5315485.22,152.69,287680,-0.0718179779199646,3.13632941315882,105.95
"261","S12","Downstream",253.746,10,"LT","","Forest","Emily","13-Jul-15",3,NA,726265.56,5315489.34,152.69,289792,-0.0718179779199646,9.74157758941874,132.55
"262","S12","Downstream",187.96,0,"LT","","Forest","Emily","13-Jul-15",3,NA,726261.74,5315491.36,152.33,289792,-0.0718179779199646,4.67545285006054,117
"263","S12","Downstream",335.28,20,"LT","","Forest","Emily","13-Jul-15",3,NA,726257.86,5315492.88,150.51,289792,-0.0718179779199646,6.785998464562,125.67
"264","S12","Downstream",68.58,0,"LT","","Forest","Emily","13-Jul-15",3,NA,726255.22,5315497.54,150.51,290432,-0.0718179779199646,4.29790818528272,114.94
"265","S12","Downstream",67.31,50,"LT","","Forest","Emily","13-Jul-15",3,NA,726255.76,5315501.46,149.8,290432,-0.0718179779199646,8.64140417054296,130.56
"266","S12","Downstream",117.348,40,"LT","","Forest","Emily","13-Jul-15",3,NA,726258.82,5315505.68,149.8,292096,-0.0718179779199646,7.97839061100967,129.36
"267","S12","Downstream",175.26,0,"LT","","Forest","Emily","13-Jul-15",3,NA,726260.86,5315509.73,151.92,292096,-0.0718179779199646,6.77278664475307,126.03
"268","S12","Downstream",166.624,20,"LT","","Forest","Emily","13-Jul-15",3,NA,726263.73,5315514.98,151.13,292864,-0.0718179779199646,8.50063595105894,130.7
"269","S12","Downstream",210.312,40,"LT","","Forest","Emily","13-Jul-15",3,NA,726265.71,5315518.32,151.13,292864,-0.0718179779199646,1.24197435472161,81.39
"270","S12","Downstream",68.58,10,"LT","","Forest","Emily","13-Jul-15",3,NA,726266.74,5315522.25,151.13,293312,-0.0718179779199646,2.24463290907443,97.15
"271","S12","Downstream",330.581,5,"LT","pool","Forest","Emily","13-Jul-15",3,NA,726268.34,5315526.78,150.33,293376,-0.0718179779199646,8.79076466639526,131.41
"272","S12","Downstream",116.84,0,"LT","muddy and disturbed, near a road","Forest","Emily","13-Jul-15",3,NA,726270.45,5315531.45,152.06,293376,-0.0718179779199646,1.9231501405593,92.77
"273","S12","Downstream",130.302,10,"LT","Road crosses here","Forest","Emily","13-Jul-15",3,450,726270.06,5315536.15,152.06,295232,-0.0718179779199646,6.62095787539147,126.09
"274","S12","Downstream",251.46,10,"LT","","Forest","Emily","13-Jul-15",3,NA,726269.73,5315542,151.31,295232,-0.0718179779199646,6.06060901330784,124.13
"275","S12","Downstream",162.306,10,"LT","","Forest","Emily","13-Jul-15",3,NA,726270.21,5315545.3,151.31,295232,-0.0718179779199646,6.83167044282891,126.77
"276","S12","Downstream",189.738,10,"LT","","Forest","Emily","13-Jul-15",3,NA,726267.96,5315549.21,147.97,295232,-0.0718179779199646,4.0281945632305,113.98
"277","S12","Downstream",265.176,70,"LT","","Forest","Emily","13-Jul-15",3,NA,726263.56,5315551.58,147.97,296192,-0.0718179779199646,6.97961926064454,127.39
"278","S12","Downstream",142.24,30,"LT","","Forest","Emily","13-Jul-15",3,NA,726257.47,5315550.8,145.98,296192,-0.0718179779199646,4.78755639400333,118.64
"279","S12","Downstream",221.488,20,"LT","","Forest","Emily","13-Jul-15",3,NA,726254.58,5315552.52,145.98,296192,-0.0718179779199646,9.6955122735817,133.66
"280","S12","Downstream",441.198,10,"LT","","Forest","Emily","13-Jul-15",3,NA,726249.66,5315553.26,144.34,296192,-0.0718179779199646,3.03929950669408,106.29
"281","S12","Downstream",152.4,0,"LT","","Forest","Emily","13-Jul-15",3,NA,726245.31,5315555.03,145.73,296192,-0.0718179779199646,7.51185758318752,128.9
"282","S12","Downstream",274.32,20,"LT","","Forest","Emily","13-Jul-15",3,NA,726242.53,5315558.84,144.26,296768,-0.0718179779199646,3.05992131028324,106.56
"283","S12","Downstream",348.488,30,"LT","","Forest","Emily","13-Jul-15",3,NA,726244.76,5315564.61,143.32,296768,-0.0718179779199646,2.29031366319396,98.18
"284","S12","Downstream",246.888,10,"LT","","Forest","Emily","13-Jul-15",3,NA,726247.65,5315567.99,142.5,297920,-0.0718179779199646,7.78930125827901,129.93
"285","S12","Downstream",314.96,0,"LT","","Forest","Emily","13-Jul-15",3,NA,726252.01,5315569.66,142.5,297920,-0.0718179779199646,5.93263381812721,124.1
"286","S12","Downstream",225.552,20,"LT","","Forest","Emily","13-Jul-15",3,NA,726253.49,5315573.94,141.84,297920,-0.0718179779199646,9.62266163481399,133.85
"287","S12","Downstream",200.914,30,"LT","","Forest","Emily","13-Jul-15",3,NA,726256.87,5315580.08,142.26,320384,-0.0718179779199646,4.71065612463281,122.03
"288","S12","Downstream",182.88,50,"LT","","Forest","Emily","13-Jul-15",3,451,726258.25,5315581.95,142.26,320384,-0.0718179779199646,2.58020268753171,104.76
"289","S13","Upstream",40.64,60,"LT","","Forest","Emily","13-Jul-15",1,451,726258.09,5315585.61,142.26,322624,0.331927512082712,8.36305997311138,128.88
"290","S13","Upstream",46.736,20,"LT","","Forest","Emily","13-Jul-15",1,NA,726266.06,5315586.18,144.38,322624,0.331927512082712,9.21165152592584,131.21
"291","S13","Upstream",20.32,90,"LT","base of ~12 meter headcut with dripping walls. Probably a plunge pool drilled into alluvial deposits. Definitely not possible to climb up from here, will resume later","Forest","Emily","13-Jul-15",1,NA,726270.76,5315588.15,146.25,21504,0.331927512082712,1.216726455139,23.31
"292","S13","Upstream",86.868,10,"LT","measuring recommenced after finishing segment 14","Pasture","Eric","13-Jul-15",1,NA,726274.95,5315587.55,146.25,21248,0.331927512082712,4.68156248005107,37.39
"293","S13","Upstream",30.48,20,"LT","","Pasture","Eric","13-Jul-15",1,NA,726280.07,5315588.49,148.71,21248,0.331927512082712,5.70063845440745,39.26
"294","S13","Upstream",92.71,50,"LT","","Pasture","Eric","13-Jul-15",1,NA,726284.66,5315589.54,148.71,21248,0.331927512082712,2.03382077300921,28.39
"295","S13","Upstream",39.624,40,"LT","","Pasture","Eric","13-Jul-15",1,NA,726289.91,5315589.88,151.38,21248,0.331927512082712,9.35024934378453,43.22
"296","S13","Upstream",58.42,50,"LT","","Pasture","Eric","13-Jul-15",1,NA,726293.84,5315588.19,151.38,21248,0.331927512082712,3.96423692256212,35.7
"297","S13","Upstream",79.248,40,"LT","","Pasture","Eric","13-Jul-15",1,NA,726296.38,5315583.93,154.68,19520,0.331927512082712,1.19026744598523,22.28
"298","S13","Upstream",48.006,30,"LT","","Pasture","Eric","13-Jul-15",1,NA,726298.7,5315579.98,154.68,19520,0.331927512082712,4.58325883862562,35.93
"299","S13","Upstream",94.234,30,"LT","","Pasture","Eric","13-Jul-15",1,NA,726302.15,5315576.72,158.33,19520,0.331927512082712,3.6364624670241,33.63
"300","S13","Upstream",71.12,0,"LT","","Pasture","Eric","13-Jul-15",1,NA,726306.43,5315574.91,158.33,19520,0.331927512082712,5.94471518741921,38.3
"301","S13","Upstream",62.23,30,"LT","gully cut with higher sides in pasture. The origin of these steepsided channels is confusing","Pasture","Eric","13-Jul-15",1,NA,726310.67,5315572.53,161.6,19520,0.331927512082712,3.89108760515228,34.32
"303","S13","Upstream",49.784,30,"LT","","Pasture","Eric","13-Jul-15",1,NA,726318.62,5315568.48,165.39,18048,0.331927512082712,1.25453609507531,22.06
"304","S13","Upstream",102.87,10,"LT","","Pasture","Eric","13-Jul-15",1,NA,726322.92,5315567.05,165.39,18048,0.331927512082712,8.98823162028566,40.17
"307","S13","Upstream",33.02,0,"LT","","Pasture","Eric","13-Jul-15",1,NA,726336.88,5315560.03,172.36,16896,0.331927512082712,7.27276484505273,37.66
"308","S13","Upstream",40.64,0,"LT","","Pasture","Eric","13-Jul-15",1,NA,726340.25,5315558.7,172.36,16896,0.331927512082712,5.91843116725795,36.09
"309","S13","Upstream",16.256,20,"LT","","Pasture","Eric","13-Jul-15",1,NA,726341.73,5315554.36,176.07,16896,0.331927512082712,5.50544231524691,35.49
"310","S14","Downstream",187.96,0,"LT","leaf litter","Forest","Emily","13-Jul-15",3,451,726258.15,5315586.53,142.26,322624,-0.0224508758207441,1.24147779610939,102.05
"311","S14","Downstream",147.574,30,"LT","","Forest","Emily","13-Jul-15",3,NA,726259.39,5315591.24,142.07,324416,-0.0224508758207441,2.73736978624947,118.86
"312","S14","Downstream",341.376,30,"LT","","Forest","Emily","13-Jul-15",3,NA,726261.48,5315596.07,142.38,324416,-0.0224508758207441,1.09024822805077,100.36
"313","S14","Downstream",124.46,0,"LT","","Forest","Emily","13-Jul-15",3,NA,726262.08,5315600.2,142.38,324416,-0.0224508758207441,9.40953574562445,143.1
"314","S14","Downstream",173.736,10,"LT","","Forest","Emily","13-Jul-15",3,NA,726257.33,5315602.57,142.15,324416,-0.0224508758207441,1.80105718481354,109.35
"315","S14","Downstream",260.096,20,"LT","","Forest","Emily","13-Jul-15",3,NA,726252.37,5315604.57,140.81,324544,-0.0224508758207441,1.74449783936143,108.69
"316","S14","Downstream",132.08,20,"LT","","Forest","Eric","13-Jul-15",3,NA,726250.78,5315608.82,140.81,403584,-0.0224508758207441,3.95027837576345,138.87
"317","S14","Downstream",185.42,0,"LT","","Forest","Eric","13-Jul-15",3,NA,726252.66,5315612.58,140.65,403584,-0.0224508758207441,8.98828731174581,155.74
"318","S14","Downstream",231.14,0,"LT","","Forest","Eric","13-Jul-15",3,NA,726254.53,5315617.36,140.65,404352,-0.0224508758207441,4.59676386788487,142.58
"319","S14","Downstream",156.464,30,"LT","","Forest","Eric","13-Jul-15",3,NA,726253.18,5315622.17,140.31,404352,-0.0224508758207441,6.52753076027147,150.11
"320","S14","Downstream",226.06,0,"LT","","Forest","Eric","13-Jul-15",3,NA,726254.21,5315625.84,140.31,404352,-0.0224508758207441,1.80425557028502,119.17
"321","S14","Downstream",169.164,10,"LT","","Forest","Eric","13-Jul-15",3,NA,726254.75,5315630.31,140.23,405248,-0.0224508758207441,6.48977917968296,150.14
"322","S14","Downstream",242.316,10,"LT","","Forest","Eric","13-Jul-15",3,NA,726257.4,5315634.51,140.08,405248,-0.0224508758207441,7.81748255994171,153.63
"323","S14","Downstream",160.02,10,"LT","","Forest","Eric","13-Jul-15",3,NA,726259.51,5315638.93,140.08,415104,-0.0224508758207441,5.59493110724725,148.53
"324","S14","Downstream",315.468,10,"LT","","Forest","Eric","13-Jul-15",3,NA,726259.47,5315643.57,140.57,415104,-0.0224508758207441,2.47031750017777,128.37
"325","S14","Downstream",197.104,20,"LT","","Forest","Eric","13-Jul-15",3,NA,726261.35,5315649.51,140.57,418752,-0.0224508758207441,5.48970290948637,148.64
"326","S14","Downstream",223.52,20,"LT","","Forest","Eric","13-Jul-15",3,NA,726264.58,5315651.35,140.35,418752,-0.0224508758207441,6.37995184003375,151.81
"327","S14","Downstream",512.064,20,"LT","","Forest","Eric","13-Jul-15",3,452,726266.57,5315655.26,140.35,418752,-0.0224508758207441,9.39192107552662,158.82
"328","S15","Upstream",212.598,10,"LT","","Forest","Emily","13-Jul-15",3,452,726267.61,5315658.48,141.8,418752,0.093342248852378,3.70863822638057,126.21
"329","S15","Upstream",38.1,0,"LT","","Forest","Emily","13-Jul-15",3,NA,726263.19,5315655.28,140.77,418752,0.093342248852378,2.64706592122093,114.52
"330","S15","Upstream",203.2,0,"LT","","Forest","Emily","13-Jul-15",3,NA,726258.21,5315653.74,140.77,418752,0.093342248852378,3.59118723776191,125.12
"331","S15","Upstream",111.76,0,"LT","","Forest","Emily","13-Jul-15",3,NA,726254.44,5315651.45,141.94,415104,0.093342248852378,6.27449348149821,141.83
"332","S15","Upstream",45.72,40,"LT","","Forest","Emily","13-Jul-15",3,NA,726250.46,5315647.55,141.05,415104,0.093342248852378,3.40256926859729,122.85
"333","S15","Upstream",76.2,70,"LT","","Forest","Emily","13-Jul-15",3,NA,726246.85,5315644.5,141.79,405248,0.093342248852378,3.75201392360032,124.94
"334","S15","Upstream",111.76,0,"LT","","Forest","Emily","13-Jul-15",3,NA,726242.03,5315642.9,141.79,405248,0.093342248852378,5.51336843357421,136.86
"335","S15","Upstream",96.52,0,"LT","","Forest","Emily","13-Jul-15",3,NA,726237.6,5315640.21,142.41,405248,0.093342248852378,6.47902459022589,141.31
"336","S15","Upstream",200.66,0,"LT","","Forest","Emily","13-Jul-15",3,NA,726235.11,5315635.64,142.41,405248,0.093342248852378,2.02768719592132,103.79
"337","S15","Upstream",114.3,10,"LT","","Forest","Emily","13-Jul-15",3,NA,726235.87,5315631.18,142.02,403968,0.093342248852378,3.11700715660118,118.55
"338","S15","Upstream",90.424,80,"LT","","Forest","Emily","13-Jul-15",3,NA,726238.45,5315628.11,142.02,403968,0.093342248852378,2.22193989949301,106.82
"339","S15","Upstream",96.012,10,"LT","","Forest","Emily","13-Jul-15",3,NA,726237.08,5315623.11,141.12,403968,0.093342248852378,5.52942714793608,136.77
"340","S15","Upstream",68.58,10,"LT","","Forest","Emily","13-Jul-15",3,NA,726235.61,5315617.84,140.87,403968,0.093342248852378,5.57380757131614,137
"341","S15","Upstream",168.91,30,"LT","","Forest","Emily","13-Jul-15",3,NA,726233.57,5315613.84,140.87,403584,0.093342248852378,8.3302963541355,147.26
"342","S15","Upstream",88.9,30,"LT","","Forest","Emily","13-Jul-15",3,NA,726233.29,5315608.39,140.77,77184,0.093342248852378,3.35837304592133,62.53
"343","S15","Upstream",13.716,80,"LT","","Forest","Emily","13-Jul-15",3,NA,726229.53,5315605.66,142.15,76672,0.093342248852378,1.39031147886999,48.38
"344","S15","Upstream",106.68,0,"LT","","Forest","Emily","13-Jul-15",3,NA,726225.53,5315605.29,142.15,76672,0.093342248852378,8.84377267491072,75.36
"345","S15","Upstream",142.24,0,"LT","","Forest","Emily","13-Jul-15",3,NA,726220.89,5315605.91,143.86,76288,0.093342248852378,8.55670568230562,74.86
"346","S15","Upstream",75.184,20,"LT","","Forest","Emily","13-Jul-15",3,NA,726215.18,5315605.43,146.05,75712,0.093342248852378,4.72315087472089,67.22
"347","S15","Upstream",114.3,10,"LT","","Forest","Emily","13-Jul-15",3,NA,726210.59,5315605.68,146.05,75712,0.093342248852378,1.29321286804043,47.15
"348","S15","Upstream",44.704,20,"LT","","Mixed Trees/Shrubs/Pasture","Emily","13-Jul-15",3,NA,726205.27,5315605.79,148.43,75712,0.093342248852378,3.74311056127772,63.75
"349","S15","Upstream",96.012,10,"LT, G","","Mixed Trees/Shrubs/Pasture","Emily","13-Jul-15",3,NA,726200.29,5315606.3,148.43,75712,0.093342248852378,6.16667391778901,70.83
"350","S15","Upstream",91.44,40,"LT, G","mixed mud and grass in channel","Mixed Trees/Shrubs/Pasture","Emily","13-Jul-15",3,NA,726195.59,5315605.14,150.79,73280,0.093342248852378,7.5875702186022,72.35
"351","S15","Upstream",38.1,50,"LT, G","","Mixed Trees/Shrubs/Pasture","Emily","13-Jul-15",3,NA,726191.46,5315602.77,149.46,72576,0.093342248852378,6.66140971542336,70.56
"352","S15","Upstream",138.684,30,"LT, G","","Mixed Trees/Shrubs/Pasture","Emily","13-Jul-15",3,NA,726187.01,5315600.05,151.46,72576,0.093342248852378,3.5832383541856,62.01
"353","S15","Upstream",131.572,30,"LT","","Mixed Trees/Shrubs/Pasture","Emily","13-Jul-15",3,454,726182.83,5315598.21,153.2,72576,0.093342248852378,9.13451307849027,74.01
"354","S16a","Upstream",45.72,10,"LT","","Mixed Trees/Shrubs/Pasture","Emily","13-Jul-15",2,454,726175.68,5315597.41,153.2,3008,0.246842094574649,2.66535169677809,14.88
"355","S16a","Upstream",53.34,30,"LT","","Mixed Trees/Shrubs/Pasture","Emily","13-Jul-15",2,NA,726173.83,5315601.32,154.43,3008,0.246842094574649,6.266376134241,18.36
"356","S16a","Upstream",128.016,10,"LT","","Mixed Trees/Shrubs/Pasture","Emily","13-Jul-15",2,NA,726173.3,5315605.72,156.14,2944,0.246842094574649,7.14566297712736,18.64
"357","S16a","Upstream",36.576,20,"LT","leaf litter","Mixed Trees/Shrubs/Pasture","Emily","13-Jul-15",2,NA,726168.95,5315606.78,156.14,2944,0.246842094574649,1.28486848645844,11.69
"358","S16a","Upstream",87.376,20,"LT","","Mixed Trees/Shrubs/Pasture","Emily","13-Jul-15",2,NA,726165.34,5315609.68,157.24,2944,0.246842094574649,9.42138443118893,19.45
"359","S16a","Upstream",32.004,30,"LT","","Mixed Trees/Shrubs/Pasture","Emily","13-Jul-15",2,NA,726163.47,5315613.57,159.07,2880,0.246842094574649,6.93231328064576,18.37
"360","S16a","Upstream",59.436,10,"LT","trampled","Mixed Trees/Shrubs/Pasture","Emily","13-Jul-15",2,NA,726165.95,5315617.61,159.07,2880,0.246842094574649,3.94974577287212,16.31
"361","S16a","Upstream",36.576,10,"LT","","Mixed Trees/Shrubs/Pasture","Emily","13-Jul-15",2,NA,726163.08,5315621.45,161.09,2880,0.246842094574649,7.24443852179684,18.51
"362","S16a","Upstream",22.86,40,"LT","","Mixed Trees/Shrubs/Pasture","Emily","13-Jul-15",2,NA,726160.16,5315624.86,161.09,2816,0.246842094574649,6.56799494894221,18.03
"363","S16a","Upstream",25.4,0,"LT","","Mixed Trees/Shrubs/Pasture","Emily","13-Jul-15",2,NA,726156.13,5315627.4,161.98,2816,0.246842094574649,3.5752042371314,15.75
"364","S16a","Upstream",104.14,90,"LT, MC","trampled by cattle","Mixed Trees/Shrubs/Pasture","Emily","13-Jul-15",2,NA,726155.46,5315631.8,164.15,2816,0.246842094574649,7.98450525128283,18.64
"365","S16a","Upstream",81.28,60,"LT","","Mixed Trees/Shrubs/Pasture","Emily","13-Jul-15",2,NA,726153.83,5315635.66,164.15,2752,0.246842094574649,1.70515302242711,12.48
"366","S16a","Upstream",103.124,30,"LT","","Mixed Trees/Shrubs/Pasture","Emily","13-Jul-15",2,NA,726152.82,5315639.63,166.34,2752,0.246842094574649,1.72857118817046,12.53
"367","S17","Upstream",113.792,20,"LT","","Mixed Trees/Shrubs/Pasture","Eric","14-Jul-15",2,454,726178.36,5315593.36,152,67136,0.145575329316005,7.75515931495465,68.93
"368","S17","Upstream",64.008,10,"LT","","Mixed Trees/Shrubs/Pasture","","14-Jul-15",2,NA,726175.24,5315588.83,152,66624,0.145575329316005,6.18184543284588,65.96
"369","S17","Upstream",48.006,10,"LT","","Mixed Trees/Shrubs/Pasture","","14-Jul-15",2,NA,726174.73,5315584.69,152.87,66624,0.145575329316005,1.97852292703465,48.31
"370","S17","Upstream",153.162,10,"LT","","Mixed Trees/Shrubs/Pasture","","14-Jul-15",2,NA,726174.19,5315579.76,154.09,66624,0.145575329316005,5.3145910340827,63.94
"371","S17","Upstream",12.7,0,"LT","","Mixed Trees/Shrubs/Pasture","","14-Jul-15",2,NA,726171.49,5315576.6,154.09,66624,0.145575329316005,9.30744815059006,70.68
"372","S17","Upstream",35.56,0,"LT","","Mixed Trees/Shrubs/Pasture","","14-Jul-15",2,NA,726167.4,5315574.65,154.09,10304,0.145575329316005,3.67556007858366,27.68
"373","S17","Upstream",370.332,10,"LT","on road, flowing through and around vehicle ruts","Mixed Trees/Shrubs/Pasture","","14-Jul-15",2,NA,726164.73,5315571.99,155.57,10304,0.145575329316005,4.37090249196626,28.83
"374","S17","Upstream",140.208,40,"LT","off road, but ground heavily trampled by stock","Mixed Trees/Shrubs/Pasture","","14-Jul-15",2,NA,726162.51,5315568.34,155.57,10304,0.145575329316005,5.69908318808302,30.45
"375","S17","Upstream",181.356,30,"LT","","Mixed Trees/Shrubs/Pasture","","14-Jul-15",2,455,726160.99,5315564.57,156.86,10304,0.145575329316005,5.57976525416598,30.33
"376","S18","Upstream",20.32,0,"LT","following gutter in road, stream flows beside road for some time","Pasture","Eric","14-Jul-15",1,455,726160.81,5315563.44,156.86,10304,0.061097523944551,5.48216228955425,31.55
"377","S18","Upstream",33.02,0,"LT","","Pasture","Eric","14-Jul-15",1,NA,726157.7,5315567.04,155.93,10304,0.061097523944551,5.80552864982747,31.82
"378","S18","Upstream",12.7,0,"LT","","Pasture","Eric","14-Jul-15",1,NA,726157,5315571.99,155.93,10304,0.061097523944551,6.22947370540351,32.16
"379","S18","Upstream",7.62,0,"LT","","Pasture","Eric","14-Jul-15",1,NA,726156.42,5315576.28,155.4,10304,0.061097523944551,3.80861940723844,29.62
"380","S18","Upstream",15.24,0,"LT","","Pasture","Eric","14-Jul-15",1,NA,726153.25,5315580.23,155.4,10304,0.061097523944551,5.56064466619864,31.62
"381","S18","Upstream",54.864,40,"LT","","Pasture","Eric","14-Jul-15",1,NA,726151.79,5315584.31,155.15,5824,0.061097523944551,3.61611074930988,23.34
"382","S18","Upstream",46.228,30,"LT","","Pasture","Eric","14-Jul-15",1,NA,726148.89,5315588.36,156.75,5824,0.061097523944551,4.80482123489492,24.53
"383","S18","Upstream",17.78,0,"LT","","Pasture","Eric","14-Jul-15",1,NA,726147.81,5315593.02,156.95,5824,0.061097523944551,8.32671420741826,26.45
"384","S18","Upstream",27.94,0,"LT","","Pasture","Eric","14-Jul-15",1,NA,726145.77,5315597.49,157.73,4544,0.061097523944551,8.22222911985591,23.87
"385","S18","Upstream",18.288,20,"LT","","Pasture","Eric","14-Jul-15",1,NA,726142.98,5315601.28,159.63,4288,0.061097523944551,3.76109113288112,20.79
"387","S19","Upstream",25.4,0,"LT","","Pasture","Eric","14-Jul-15",1,NA,726144.87,5315645.22,169.68,2688,0.200328489101112,5.20232241484337,17.09
"388","S19","Upstream",40.64,0,"LT","","Pasture","Eric","14-Jul-15",1,NA,726144.48,5315650,171.03,2688,0.200328489101112,9.1157624698244,18.77
"389","S19","Upstream",125.73,10,"LT","","Pasture","Eric","14-Jul-15",1,NA,726144.31,5315655.32,173.21,2624,0.200328489101112,4.07232478260994,16.04
"390","S19","Upstream",5.08,0,"LT","","Pasture","Eric","14-Jul-15",1,NA,726144.56,5315660.22,173.21,2624,0.200328489101112,2.7550042627845,14.5
"391","S19","Upstream",20.32,0,"LT","","Pasture","Eric","14-Jul-15",1,NA,726146.22,5315665.25,173.27,2624,0.200328489101112,4.86740885348991,16.69
"393","S19","Upstream",16.002,10,"LT","","Pasture","Eric","14-Jul-15",1,NA,726151.06,5315674.09,174.47,2624,0.200328489101112,1.75958501570858,12.71
"394","S20","Upstream",30.48,0,"LT","","Pasture","Emily","14-Jul-15",2,455,726160.62,5315563.03,156.86,54080,0.150827679829187,9.04858200834133,64.56
"395","S20","Upstream",77.724,10,"LT","vegetation","Forest","Emily","14-Jul-15",2,NA,726156.97,5315558.58,156.67,54080,0.150827679829187,3.6617698026821,53.58
"396","S20","Upstream",22.86,0,"LT","","Forest","Emily","14-Jul-15",2,NA,726152.91,5315556.83,157.61,52352,0.150827679829187,8.13692688103765,62.69
"397","S20","Upstream",114.3,10,"LT","leaf litter","Forest","Emily","14-Jul-15",2,NA,726148.66,5315553.42,158.18,52352,0.150827679829187,9.68280226783827,64.33
"398","S20","Upstream",137.16,10,"LT","","Forest","Emily","14-Jul-15",2,NA,726146.34,5315549.66,158.18,51968,0.150827679829187,6.14548283838667,59.47
"399","S20","Upstream",58.42,0,"LT","gully carved into rock","Forest","Emily","14-Jul-15",2,NA,726143.93,5315545.36,159.06,51200,0.150827679829187,5.60638560028747,58.03
"400","S20","Upstream",28.448,30,"LT","leaf litter","Forest","Emily","14-Jul-15",2,NA,726140.83,5315541.38,161.51,51200,0.150827679829187,1.73533062729985,41.54
"401","S20","Upstream",7.62,0,"LT","","Forest","Emily","14-Jul-15",2,NA,726137,5315538.36,161.51,51200,0.150827679829187,8.75932877021842,62.83
"403","S20","Upstream",132.08,0,"LT","","Forest","Emily","14-Jul-15",2,NA,726139.95,5315529.47,162.01,47744,0.150827679829187,4.26453359681182,53.01
"404","S20","Upstream",27.94,0,"LT","","Forest","Emily","14-Jul-15",2,NA,726137.25,5315524.81,161.99,47744,0.150827679829187,2.21055294782855,43.81
"405","S20","Upstream",22.86,0,"LT","","Forest","Emily","14-Jul-15",2,NA,726133.44,5315520.98,164.95,47744,0.150827679829187,9.54217302240431,61.82
"406","S20","Upstream",54.864,10,"LT","2 knickpoints in succession","Forest","Emily","14-Jul-15",2,NA,726129.77,5315518.6,164.95,47744,0.150827679829187,9.88332831673324,62.12
"407","S20","Upstream",12.7,0,"LT","","Forest","Emily","14-Jul-15",2,NA,726126.43,5315515.7,165.46,45824,0.150827679829187,1.61851260229014,38.87
"408","S20","Upstream",58.42,0,"LT","","Forest","Emily","14-Jul-15",2,NA,726122.37,5315511.89,168.41,45824,0.150827679829187,2.0726432192605,42.21
"409","S20","Upstream",68.58,0,"LT","","Forest","Emily","14-Jul-15",2,NA,726118.41,5315508.77,168.66,45824,0.150827679829187,9.78495418140665,61
"410","S20","Upstream",12.7,0,"LT","","Forest","Emily","14-Jul-15",2,NA,726113.68,5315507.77,171.78,45824,0.150827679829187,8.49305006675422,59.77
"411","S20","Upstream",60.96,20,"LT","","Pasture","Emily","14-Jul-15",2,NA,726107.81,5315504.85,175.3,43968,0.150827679829187,6.21603367151693,55.69
"412","S20","Upstream",172.212,40,"LT","cow trampled in hollow","Pasture","Emily","14-Jul-15",2,NA,726104.25,5315504.54,175.3,43968,0.150827679829187,4.29678137879819,51.38
"413","S20","Upstream",54.864,10,"LT","","Pasture","Emily","14-Jul-15",2,NA,726101.46,5315501.17,178.04,42816,0.150827679829187,7.10928260884248,56.47
"414","S20","Upstream",80.01,10,"LT","","Pasture","Emily","14-Jul-15",2,NA,726100.09,5315496.49,178.04,42816,0.150827679829187,6.951605014503,56.25
"415","S20","Upstream",29.718,10,"LT","mud and grass","Pasture","Emily","14-Jul-15",2,NA,726097.65,5315491.74,177.01,41152,0.150827679829187,2.20636446052231,41.31
"416","S20","Upstream",24.384,20,"LT","mud and grass","Pasture","Emily","14-Jul-15",2,NA,726094.17,5315488.14,177.01,41152,0.150827679829187,1.1497231326066,33.38
"417","S20","Upstream",20.32,0,"LT","","Pasture","Emily","14-Jul-15",2,NA,726090.68,5315486.03,178.66,38080,0.150827679829187,7.16623368673027,53.91
"418","S20","Upstream",63.5,0,"LT","","Pasture","Emily","14-Jul-15",2,NA,726085.94,5315485.72,178.66,38080,0.150827679829187,1.18962786486372,32.76
"419","S20","Upstream",22.86,10,"LT","","Pasture","Emily","14-Jul-15",2,NA,726081.71,5315485.03,181.35,38080,0.150827679829187,7.98356605903246,54.88
"420","S20","Upstream",106.68,0,"LT","","Pasture","Emily","14-Jul-15",2,NA,726078.05,5315480.53,181.35,38080,0.150827679829187,8.42877239454538,55.35
"421","S20","Upstream",38.862,10,"LT","","Pasture","Emily","14-Jul-15",2,NA,726077.03,5315476.39,182.29,14528,0.150827679829187,6.92255339049734,36.2
"422","S20","Upstream",38.862,10,"LT","","Pasture","Emily","14-Jul-15",2,NA,726079.8,5315470.51,178.83,14528,0.150827679829187,5.87643001624383,35.15
"423","S20","Upstream",57.15,10,"LT","","Pasture","Emily","14-Jul-15",2,NA,726079.9,5315466.73,178.83,14528,0.150827679829187,5.06122680869885,34.11
"424","S20","Upstream",101.6,20,"LT","","Pasture","Emily","14-Jul-15",2,NA,726076.94,5315462.57,177.91,14528,0.150827679829187,6.45894304849207,35.76
"425","S20","Upstream",50.292,10,"LT","","Pasture","Emily","14-Jul-15",2,NA,726076.43,5315458.09,179.81,14528,0.150827679829187,2.84545170562342,29.58
"426","S20","Upstream",38.1,0,"LT","","Pasture","Emily","14-Jul-15",2,458,726076.36,5315453.56,179.61,14528,0.150827679829187,3.23407211247832,30.64
"428","S21","Upstream",81.28,0,"LT","","Pasture","Eric","14-Jul-15",1,NA,726067.03,5315449.31,181.25,8640,0.201364286529907,5.74833455542102,27.97
"429","S21","Upstream",44.45,30,"LT","","Pasture","Eric","14-Jul-15",1,NA,726060.29,5315450.42,183.08,7936,0.201364286529907,6.38053945964202,27.57
"430","S21","Upstream",41.148,10,"LT","","Pasture","Eric","14-Jul-15",1,NA,726057.15,5315452.78,183.08,7936,0.201364286529907,6.8892063847743,27.95
"431","S21","Upstream",5.08,0,"LT","","Pasture","Eric","14-Jul-15",1,NA,726051.34,5315452.36,185.03,7104,0.201364286529907,6.64390740473755,26.55
"432","S21","Upstream",15.24,0,"LT","","Pasture","Eric","14-Jul-15",1,NA,726047.17,5315452.71,185.03,6272,0.201364286529907,6.69264507456683,25.27
"433","S21","Upstream",63.5,0,"LT","","Pasture","Eric","14-Jul-15",1,NA,726043.66,5315456.52,187.54,6272,0.201364286529907,1.49602660653181,16.9
"434","S21","Upstream",38.1,0,"LT","","Pasture","Eric","14-Jul-15",1,NA,726039.85,5315455.53,186.97,5440,0.201364286529907,9.17235140968114,25.06
"435","S21","Upstream",104.902,30,"LT","","Pasture","Eric","14-Jul-15",1,NA,726034.52,5315455.61,188.81,5440,0.201364286529907,3.16084228898399,20.12
"436","S21","Upstream",22.86,0,"LT","","Pasture","Eric","14-Jul-15",1,NA,726030.45,5315455.61,188.81,4672,0.201364286529907,1.86941725248471,16.19
"437","S21","Upstream",58.42,0,"LT","ice crust","Pasture","Eric","14-Jul-15",1,NA,726024.87,5315454.58,190.53,3968,0.201364286529907,3.23938391520642,17.86
"438","S22","Upstream",86.868,10,"LT","","Pasture","","14-Jul-15",1,458,726070.22,5315446.72,180.84,17728,NA,5.1880125280004,NA
"439","S23","Downstream",73.152,10,"LT","","Forest","","14-Jul-15",4,452,726269.28,5315660.49,141.8,418752,-0.0149733422283193,5.95138983312063,153.19
"440","S23","Downstream",162.306,10,"LT","","Forest","","14-Jul-15",4,NA,726272.92,5315665,141.25,419904,-0.0149733422283193,1.77268362115137,126.83
"441","S23","Downstream",65.024,20,"LT","","Forest","","14-Jul-15",4,NA,726276.52,5315668.55,142.78,419904,-0.0149733422283193,9.87709514587186,161.66
"442","S23","Downstream",304.8,0,"LT","","Forest","","14-Jul-15",4,NA,726279.5,5315666.5,142.78,419904,-0.0149733422283193,9.99799169809557,161.83
"443","S23","Downstream",149.352,30,"LT","going around larger meander bend ~20 meters across.","Forest","","14-Jul-15",4,NA,726278.16,5315661,141.25,419904,-0.0149733422283193,5.60834074835293,152.22
"444","S23","Downstream",148.59,10,"LT","","Forest","","14-Jul-15",4,NA,726277.74,5315656.88,140.05,419904,-0.0149733422283193,3.10437500826083,139.46
"445","S23","Downstream",347.472,10,"LT","","Forest","","14-Jul-15",4,NA,726277.12,5315651.29,140.05,419904,-0.0149733422283193,2.18208025768399,131.33
"446","S23","Downstream",331.47,10,"LT","","Forest","","14-Jul-15",4,NA,726279.54,5315647.23,139.82,419904,-0.0149733422283193,4.68924271943979,148.61
"447","S23","Downstream",149.86,0,"LT","","Forest","","14-Jul-15",4,NA,726280.58,5315642.91,139.77,420032,-0.0149733422283193,7.14080492244102,156.65
"448","S23","Downstream",127,50,"LT","","Forest","","14-Jul-15",4,NA,726284.59,5315640.56,140.64,420032,-0.0149733422283193,3.68722858885303,143.4
"449","S23","Downstream",180.34,0,"LT","","Forest","","14-Jul-15",4,NA,726289.29,5315643.33,139.78,421312,-0.0149733422283193,1.518267812673,123.96
"450","S23","Downstream",235.458,10,"LT","","Forest","","14-Jul-15",4,NA,726290.97,5315646.99,139.78,421312,-0.0149733422283193,7.12047069566324,156.8
"451","S23","Downstream",225.552,20,"LT","","Forest","","14-Jul-15",4,NA,726292.49,5315651.57,139.5,421312,-0.0149733422283193,2.79128501215018,137.17
"452","S23","Downstream",149.86,0,"LT","","Forest","","14-Jul-15",4,NA,726295.51,5315657.15,139.5,421312,-0.0149733422283193,6.14839518722147,154.17
"453","S23","Downstream",132.08,0,"LT","","Forest","","14-Jul-15",4,NA,726298.39,5315659.6,139.36,424832,-0.0149733422283193,6.06010668794625,154.43
"454","S23","Downstream",147.828,40,"LT","","Forest","","14-Jul-15",4,NA,726302.72,5315659.46,139.36,424832,-0.0149733422283193,8.99367489316501,161.08
"455","S23","Downstream",254,0,"LT","","Forest","","14-Jul-15",4,NA,726305.9,5315662.94,139.23,424832,-0.0149733422283193,1.93397552985698,129.26
"456","S23","Downstream",68.58,0,"LT","","Forest","","14-Jul-15",4,NA,726307.83,5315668.09,140.05,425920,-0.0149733422283193,8.84138165740296,160.99
"457","S23","Downstream",373.38,40,"LT","","Forest","","14-Jul-15",4,NA,726308.31,5315669.38,140.05,425920,-0.0149733422283193,5.21588823595084,151.66
"458","S23","Downstream",99.06,0,"LT","","Forest","","14-Jul-15",4,NA,726313.38,5315674.42,139.56,425920,-0.0149733422283193,8.5462019527331,160.47
"459","S23","Downstream",190.5,0,"LT","","Forest","","14-Jul-15",4,NA,726318.04,5315676.49,139.56,427968,-0.0149733422283193,1.73200101265684,127.29
"460","S23","Downstream",80.01,10,"LT","","Forest","","14-Jul-15",4,NA,726320.98,5315680.17,138.98,427968,-0.0149733422283193,6.27574508613907,155.54
"461","S23","Downstream",316.992,20,"LT","","Forest","","14-Jul-15",4,NA,726323.11,5315685.63,139.41,430016,-0.0149733422283193,3.66209570155479,144.6
"462","S23","Downstream",193.802,30,"LT","","Forest","","14-Jul-15",4,NA,726320.94,5315689.52,140.4,430016,-0.0149733422283193,5.79279516427778,154.33
"463","S23","Downstream",116.586,10,"LT","","Forest","","14-Jul-15",4,NA,726323.05,5315693.76,140.4,430016,-0.0149733422283193,4.78127181273885,150.45
"464","S23","Downstream",321.818,30,"LT","","Forest","","14-Jul-15",4,NA,726325.98,5315697.41,141.01,431616,-0.0149733422283193,7.96973126055673,160.24
"465","S23","Downstream",249.936,20,"LT","","Forest","","14-Jul-15",4,NA,726330.93,5315699.31,139.29,431616,-0.0149733422283193,4.75712924310938,150.57
"466","S23","Downstream",233.68,0,"LT","","Forest","","14-Jul-15",4,NA,726335.79,5315700.48,139.29,431616,-0.0149733422283193,6.12603722745553,155.63
"467","S23","Downstream",411.48,0,"LT","","Forest","","14-Jul-15",4,NA,726338.44,5315704.28,138.9,432448,-0.0149733422283193,5.85603462881409,154.89
"468","S23","Downstream",210.312,40,"LT","","Forest","","14-Jul-15",4,NA,726339.98,5315708.83,138.9,432448,-0.0149733422283193,3.96871542581357,146.75
"469","S23","Downstream",164.592,40,"LT","","Forest","","14-Jul-15",4,NA,726341.32,5315713.1,139.57,433664,-0.0149733422283193,6.64190128003247,157.42
"470","S23","Downstream",98.298,10,"LT","","Forest","","14-Jul-15",4,462,726345.62,5315716.93,139.09,433664,-0.0149733422283193,4.03286365419626,147.27
"471","S24","Upstream",22.352,20,"LT","dense vegetation","Bushy","","14-Jul-15",1,462,726344.41,5315719.03,139.57,19840,0.289981388292336,1.50467343861237,25.04
"472","S24","Upstream",43.434,10,"LT","leaf litter","Bushy","","14-Jul-15",1,NA,726340.61,5315721.64,140.42,19328,0.289981388292336,1.06593238771893,21.82
"473","S24","Upstream",18.288,40,"LT","leaf litter","Bushy","","14-Jul-15",1,NA,726336.55,5315725.71,141.32,19328,0.289981388292336,9.89049821975641,42.11
"475","S24","Upstream",10.16,0,"LT","","Bushy","","14-Jul-15",1,NA,726328.05,5315729.17,142.84,18880,0.289981388292336,9.97986386483535,41.76
"476","S24","Upstream",7.62,0,"LT","bedrock channel","Bushy","","14-Jul-15",1,NA,726323.35,5315732.14,142.84,18496,0.289981388292336,7.56917979498394,39.57
"477","S24","Upstream",10.16,0,"LT","","Bushy","","14-Jul-15",1,NA,726320.74,5315735.25,145.5,18048,0.289981388292336,2.93153690220788,30.76
"478","S24","Upstream",10.16,20,"LT","vegetation","Bushy","","14-Jul-15",1,NA,726320.78,5315740.1,146.24,18048,0.289981388292336,8.69329847348854,40.13
"479","S24","Upstream",35.56,30,"LT","","Bushy","","14-Jul-15",1,NA,726317.37,5315744.57,148.33,18048,0.289981388292336,3.31580548360944,32
"481","S24","Upstream",7.112,60,"LT","","Bushy","","14-Jul-15",1,NA,726309.36,5315749.34,150.44,10368,0.289981388292336,5.57303947256878,29.4
"483","S24","Upstream",7.62,0,"LT","","Pasture","","14-Jul-15",1,NA,726302.4,5315754.83,155.02,10176,0.289981388292336,5.88729019882157,29.53
"484","S24","Upstream",10.16,20,"LT","","Pasture","","14-Jul-15",1,NA,726297.35,5315756.3,157.24,9792,0.289981388292336,2.36815784592181,22.47
"486","S24","Upstream",15.24,50,"LT, G","","Pasture","","14-Jul-15",1,NA,726291.31,5315763.7,159.28,9408,0.289981388292336,5.52392946393229,28.21
"487","S24","Upstream",7.62,40,"LT, G","","Pasture","","14-Jul-15",1,NA,726287.04,5315766.88,161.15,9408,0.289981388292336,5.30472077941522,27.95
"488","S24","Upstream",27.94,50,"LT, G","soil pipe","Pasture","","14-Jul-15",1,NA,726282.89,5315769.51,162.98,9408,0.289981388292336,8.11254220642149,30.4
"489","S24","Upstream",70.104,80,"LT, G","","Pasture","","14-Jul-15",1,NA,726281.57,5315770.97,164.63,9408,0.289981388292336,6.92157412646338,29.55
"493","S24","Upstream",66.04,50,"LT","","Pasture","","14-Jul-15",1,NA,726269.41,5315786.86,169.26,448,0.289981388292336,9.2793155729305,8.94
"494","S24","Upstream",25.4,0,"LT","","Pasture","","14-Jul-15",1,NA,726265.7,5315790.18,170.77,448,0.289981388292336,1.43087158794515,5.74
"495","S24","Upstream",39.624,70,"LT","","Pasture","","14-Jul-15",1,NA,726260.54,5315792.02,170.77,384,0.289981388292336,2.51832146220841,6.39
"496","S24","Upstream",109.728,10,"LT","","Pasture","","14-Jul-15",1,NA,726254.38,5315791.05,172.37,384,0.289981388292336,3.36285439063795,6.91
"497","S25","Downstream",176.022,30,"LT","rejoining main stream","Mixed Trees/Shrubs/Pasture","","14-Jul-15",4,462,726351.46,5315717.62,139.09,20992,-0.0368613610482698,9.48797324555926,46.02
"498","S25","Downstream",174.244,30,"LT","found lamb skull","Mixed Trees/Shrubs/Pasture","","14-Jul-15",4,NA,726356.28,5315718.86,138.49,20992,-0.0368613610482698,1.26578022330068,33.39
"499","S25","Downstream",294.894,10,"LT","","Mixed Trees/Shrubs/Pasture","","14-Jul-15",4,NA,726361,5315719.54,138.96,21056,-0.0368613610482698,5.57511259382591,43.3
"500","S25","Downstream",198.882,10,"LT","","Mixed Trees/Shrubs/Pasture","","14-Jul-15",4,NA,726364.41,5315716.13,138.22,21056,-0.0368613610482698,8.94303931947798,45.81
"501","S25","Downstream",325.12,0,"LT","","Mixed Trees/Shrubs/Pasture","","14-Jul-15",4,NA,726369.36,5315716.17,137.82,21632,-0.0368613610482698,4.94279852160253,43.02
"502","S25","Downstream",78.74,0,"LT","","Mixed Trees/Shrubs/Pasture","","14-Jul-15",4,NA,726373.8,5315717.94,137.82,21632,-0.0368613610482698,3.71147490967996,41.09
"503","S25","Downstream",195.58,0,"LT","<1% grass in channel","Mixed Trees/Shrubs/Pasture","","14-Jul-15",4,NA,726377.84,5315721.56,137.4,22144,-0.0368613610482698,6.70187971694395,45.28
"504","S25","Downstream",205.74,0,"LT","","Mixed Trees/Shrubs/Pasture","","14-Jul-15",4,NA,726378.9,5315725.4,137.4,22144,-0.0368613610482698,9.03652991075069,46.81
"505","S25","Downstream",212.344,5,"LT","small amount of grass and rocks","Mixed Trees/Shrubs/Pasture","","14-Jul-15",4,NA,726377.6,5315730.8,137.4,22144,-0.0368613610482698,3.54283069516532,41.14
"506","S25","Downstream",401.32,0,"LT","","Mixed Trees/Shrubs/Pasture","","14-Jul-15",4,NA,726379.62,5315735.2,137.75,22144,-0.0368613610482698,1.65653856028803,35.66
"507","S25","Downstream",266.7,0,"LT","","Mixed Trees/Shrubs/Pasture","","14-Jul-15",4,NA,726383.75,5315735.52,137.75,22208,-0.0368613610482698,2.46445069392212,38.51
"508","S25","Downstream",260.604,10,"LT","","Mixed Trees/Shrubs/Pasture","","14-Jul-15",4,NA,726389.57,5315736.97,137.02,117120,-0.0368613610482698,5.65885750856251,86.99
"509","S25","Downstream",137.16,0,"LT","","Mixed Trees/Shrubs/Pasture","","14-Jul-15",4,NA,726394.5,5315738.59,136.33,117120,-0.0368613610482698,1.6548878387548,67.9
"510","S25","Downstream",233.68,0,"LT","","Mixed Trees/Shrubs/Pasture","","14-Jul-15",4,NA,726398.99,5315740.85,136.33,117120,-0.0368613610482698,1.53426588606089,66.81
"511","S25","Downstream",301.625,5,"LT","vegetation","Mixed Trees/Shrubs/Pasture","","14-Jul-15",4,463,726403.01,5315743.74,136.33,117120,-0.0368613610482698,3.28353832266293,78.88
"512","S26a","Upstream",69.088,20,"LT","","Mixed Trees/Shrubs/Pasture","","14-Jul-15",2,463,726403.52,5315744.86,136.33,117120,0.113511921542304,3.6459978625644,74.4
"513","S26a","Upstream",88.9,0,"LT","dense ferns","Mixed Trees/Shrubs/Pasture","","14-Jul-15",2,NA,726398.96,5315748.96,136.73,117120,0.113511921542304,6.67145451693796,85.06
"514","S26a","Upstream",35.56,30,"LT","rock island","Mixed Trees/Shrubs/Pasture","","14-Jul-15",2,NA,726396.8,5315753.27,137.44,42112,0.113511921542304,9.1831162921153,58.92
"515","S26a","Upstream",33.02,0,"LT","","Mixed Trees/Shrubs/Pasture","","14-Jul-15",2,470,726392.35,5315755.37,138.07,42112,0.113511921542304,4.70572280883789,52.43
"516","S26b","Upstream",17.78,0,"LT","cutting into a large muddy hummock on the hillslope. This is what separates 26b from S31","Bushy","","14-Jul-15",2,470,726393.54,5315763.45,139.02,6720,0.247199699339063,7.03316119220108,26.01
"517","S26b","Upstream",60.96,0,"LT","","Bushy","","14-Jul-15",2,NA,726391.09,5315767.63,140.34,1984,0.247199699339063,3.29643464763649,13.4
"518","S26b","Upstream",93.98,0,"LT","very steep","Bushy","","14-Jul-15",2,NA,726389.26,5315771.94,140.34,1984,0.247199699339063,4.75627265661024,14.66
"519","S26b","Upstream",83.82,50,"LT","","Bushy","","14-Jul-15",2,NA,726391.48,5315776.18,141.98,1920,0.247199699339063,9.27476567472331,16.29
"520","S26b","Upstream",33.02,0,"LT","","Bushy","","14-Jul-15",2,NA,726389.51,5315780.95,141.98,1856,0.247199699339063,6.83108212752268,15.32
"521","S26b","Upstream",35.052,40,"LT","","Bushy","","14-Jul-15",2,NA,726386.44,5315783.98,144.29,1856,0.247199699339063,2.99066832265817,12.7
"522","S26b","Upstream",82.296,10,"LT","","Bushy","","14-Jul-15",2,NA,726383.34,5315787.98,144.29,1856,0.247199699339063,3.36202073702589,13.12
"523","S26b","Upstream",121.92,20,"LT","","Bushy","","14-Jul-15",2,NA,726382.7,5315792.3,146.29,1792,0.247199699339063,3.77833128697239,13.33
"524","S26b","Upstream",119.38,0,"LT","","Bushy","","14-Jul-15",2,NA,726381.42,5315797.31,146.29,1728,0.247199699339063,1.0781245008111,9.07
"525","S26b","Upstream",119.38,0,"LT","","Bushy","","14-Jul-15",2,NA,726382.87,5315801.14,148.4,1728,0.247199699339063,3.93980404781178,13.27
"526","S26b","Upstream",187.96,0,"LT","","Bushy","","14-Jul-15",2,NA,726384.06,5315806.84,150.54,1664,0.247199699339063,6.03222950058989,14.33
"527","S26b","Upstream",50.8,0,"LT","very steep with dense vines","Bushy","","14-Jul-15",2,NA,726386.53,5315810.95,150.54,1664,0.247199699339063,4.67089505190961,13.6
"528","S26b","Upstream",73.152,10,"LT","","Bushy","","14-Jul-15",2,NA,726387.28,5315815.55,153.11,1600,0.247199699339063,7.46812581643462,14.64
"529","S26b","Upstream",38.1,0,"LT","","Bushy","","14-Jul-15",2,NA,726387.35,5315820.38,153.11,1600,0.247199699339063,9.35772467288189,15.14
"530","S26b","Upstream",43.434,10,"LT","","Bushy","","14-Jul-15",2,NA,726387.8,5315825.25,155.45,1536,0.247199699339063,8.08310437574983,14.58
"531","S26b","Upstream",220.98,0,"LT","pool","Bushy","","14-Jul-15",2,NA,726386.95,5315830.37,157.03,1472,0.247199699339063,8.43031170591712,14.42
"532","S26b","Upstream",37.084,80,"LT","leaf litter","Bushy","","14-Jul-15",2,NA,726386.4,5315835.45,157.03,1472,0.247199699339063,3.28642054274678,11.88
"533","S26b","Upstream",83.312,20,"LT","above dam made by tree roots","Bushy","","14-Jul-15",2,NA,726385.11,5315839.94,159.21,1408,0.247199699339063,2.90572603419423,11.29
"534","S26b","Upstream",160.02,0,"LT","pool","Bushy","","14-Jul-15",2,NA,726385.27,5315844.53,159.21,1344,0.247199699339063,8.21383273485117,13.84
"535","S26b","Upstream",130.302,10,"LT","","Bushy","","14-Jul-15",2,464,726384.58,5315849.85,161.38,1344,0.247199699339063,7.01401527621783,13.5
"536","S27","Upstream",23.368,60,"LT","","Bushy","","14-Jul-15",1,464,726385.03,5315854.24,163.51,1280,0.194609641596553,3.0291961345356,11.22
"537","S27","Upstream",76.2,0,"LT","","Bushy","","14-Jul-15",1,NA,726390.06,5315856.21,164.05,1280,0.194609641596553,4.2500975728035,12.16
"538","S27","Upstream",55.88,60,"LT","","Bushy","","14-Jul-15",1,NA,726391.03,5315860.83,164.05,1216,0.194609641596553,7.85169529891573,13.31
"539","S27","Upstream",62.992,60,"LT","","Bushy","","14-Jul-15",1,NA,726392.62,5315865.36,166.1,1216,0.194609641596553,6.34368274360895,12.87
"540","S27","Upstream",15.24,40,"LT","","Bushy","","14-Jul-15",1,NA,726395.22,5315868.83,166.1,1152,0.194609641596553,6.97188602457754,12.78
"541","S27","Upstream",36.576,20,"LT","","Bushy","","14-Jul-15",1,NA,726399.78,5315871.81,168.53,1152,0.194609641596553,2.46384120592847,10.18
"542","S28","Upstream",43.434,10,"LT","","Pasture","","14-Jul-15",2,464,726380.7,5315852.06,161.38,29120,0.257425697013979,6.30301257176325,46.15
"543","S28","Upstream",20.574,10,"LT","mud clumps + grass","Pasture","","14-Jul-15",2,NA,726380.32,5315856.82,163.51,2048,0.257425697013979,4.95919153559953,14.95
"544","S28","Upstream",144.018,10,"LT","","Pasture","","14-Jul-15",2,NA,726377.7,5315860.7,163.29,1984,0.257425697013979,4.02778468187898,14.07
"545","S28","Upstream",43.688,60,"LT","","Pasture","","14-Jul-15",2,NA,726373.37,5315863.48,165.43,1984,0.257425697013979,1.48907959926873,10.47
"546","S28","Upstream",172.212,70,"LT","islands + grass","Pasture","","14-Jul-15",2,NA,726370.42,5315866.34,165.75,1984,0.257425697013979,3.96112075308338,14.01
"547","S28","Upstream",22.86,50,"LT","","Pasture","","14-Jul-15",2,466,726368.12,5315871.2,167.87,1920,0.257425697013979,1.46925803273916,10.29
"548","S29","Upstream",80.01,10,"LT","","Pasture","","14-Jul-15",1,466,726371.41,5315873.05,167.87,1920,0.276520280438458,5.79037576145492,14.99
"549","S29","Upstream",20.32,0,"LT","","Pasture","","14-Jul-15",1,NA,726372.64,5315876.73,167.87,1856,0.276520280438458,1.69503023568541,10.53
"550","S29","Upstream",57.15,10,"LT","grass","Pasture","","14-Jul-15",1,NA,726375.91,5315880.74,169.96,1856,0.276520280438458,8.12608681083657,15.7
"551","S29","Upstream",66.04,0,"LT","","Pasture","","14-Jul-15",1,NA,726378.58,5315884.82,169.96,1792,0.276520280438458,1.44679637835361,9.87
"552","S29","Upstream",44.45,30,"LT","","Pasture","","14-Jul-15",1,NA,726381.3,5315888.06,172.3,1792,0.276520280438458,1.45588137232699,9.89
"553","S29","Upstream",71.12,50,"LT","","Pasture","","14-Jul-15",1,NA,726380.2,5315893.38,172.32,1728,0.276520280438458,2.08658150280826,10.96
"555","S29","Upstream",12.7,0,"LT","","Pasture","","14-Jul-15",1,NA,726375.86,5315902.32,177.25,1664,0.276520280438458,9.47268345975317,15.36
"556","S30","Upstream",50.8,20,"LT","vegetation","Pasture","","14-Jul-15",1,466,726363.85,5315871.03,168.43,20416,0.177937915047739,3.19909947644919,34.54
"557","S30","Upstream",193.548,40,"LT","mud clumps","Pasture","","14-Jul-15",1,NA,726361.74,5315875.35,168.43,20416,0.177937915047739,5.82113598403521,39.97
"558","S30","Upstream",15.24,0,"LT, G","","Pasture","","14-Jul-15",1,NA,726357.94,5315878.92,170.5,17216,0.177937915047739,3.11108632478863,32.01
"559","S30","Upstream",27.94,80,"LT","","Pasture","","14-Jul-15",1,NA,726356.5,5315884.21,171.25,15936,0.177937915047739,3.99254066497087,33.2
"560","S31","Downstream",132.588,10,"LT","","Pasture","","14-Jul-15",1,NA,726294,5315872.12,179.61,37888,-0.230169023948945,5.09517013235018,49.22
"561","S31","Downstream",144.78,0,"LT","","Pasture","","14-Jul-15",1,NA,726294.72,5315867.1,177.86,37888,-0.230169023948945,1.56644726032391,33.7
"562","S31","Downstream",15.24,0,"LT","","Pasture","","14-Jul-15",1,NA,726297.96,5315864.5,177.86,37888,-0.230169023948945,9.80148139386438,55.76
"563","S31","Downstream",10.16,0,"LT","series of small standing pools","Pasture","","14-Jul-15",1,NA,726300.03,5315860.55,176.16,37888,-0.230169023948945,4.72349901287816,48.32
"564","S31","Downstream",146.05,50,"LT","","Pasture","","14-Jul-15",1,NA,726304.07,5315857.38,174.55,39040,-0.230169023948945,5.77840937930159,51.28
"565","S31","Downstream",144.78,40,"LT","","Pasture","","14-Jul-15",1,NA,726307.37,5315854.88,172.82,39040,-0.230169023948945,1.63876573625021,34.67
"566","S31","Downstream",79.248,70,"LT","","Pasture","","14-Jul-15",1,NA,726311.51,5315852.13,171.15,40192,-0.230169023948945,5.36598713137209,51.03
"567","S31","Downstream",24.384,20,"LT","","Pasture","","14-Jul-15",1,NA,726310.95,5315847.68,169.39,41408,-0.230169023948945,2.77941373526119,42.87
"568","S31","Downstream",274.32,10,"LT","","Pasture","","14-Jul-15",1,NA,726311.34,5315842.39,169.39,41408,-0.230169023948945,2.98391048866324,43.88
"569","S31","Downstream",53.34,0,"LT","","Pasture","","14-Jul-15",1,NA,726315.04,5315839.03,167.74,41472,-0.230169023948945,8.35279750195332,56.43
"570","S31","Downstream",5.08,0,"LT","","Pasture","","14-Jul-15",1,NA,726319.59,5315839.4,165.94,41472,-0.230169023948945,2.92462449334562,43.62
"579","S31","Downstream",54.61,50,"LT","","Pasture","","14-Jul-15",1,NA,726345.58,5315817.36,157.64,41664,-0.230169023948945,2.58027733047493,41.91
"580","S31","Downstream",33.02,0,"LT","","Pasture","","14-Jul-15",1,NA,726347.55,5315813.12,154.39,41664,-0.230169023948945,7.45721094822511,55.42
"581","S31","Downstream",43.18,0,"LT","","Pasture","","14-Jul-15",1,NA,726349.48,5315808.63,154.39,41728,-0.230169023948945,9.87083432101645,58.07
"582","S31","Downstream",32.004,10,"LT","","Pasture","","14-Jul-15",1,NA,726352.74,5315804.93,152.56,41728,-0.230169023948945,8.21938643301837,56.42
"583","S31","Downstream",81.28,60,"LT","","Pasture","","14-Jul-15",1,NA,726357.53,5315805.05,151.15,41728,-0.230169023948945,7.28597997571342,55.22
"584","S31","Downstream",63.5,0,"LT, DV","very dense bushes","Bushy","","14-Jul-15",1,NA,726362.08,5315803.87,151.15,41792,-0.230169023948945,3.89993331884034,47.76
"585","S31","Downstream",35.56,0,"LT","","Bushy","","14-Jul-15",1,NA,726362.58,5315798.68,149.33,41792,-0.230169023948945,6.66210068599321,54.31
"587","S31","Downstream",27.94,0,"LT","","Bushy","","14-Jul-15",1,NA,726364.28,5315789.9,146.22,41856,-0.230169023948945,4.88043094263412,50.71
"588","S31","Downstream",59.436,10,"LT","","Pasture","","14-Jul-15",1,NA,726367.26,5315786.28,146.22,41856,-0.230169023948945,2.22525634197518,39.87
"589","S31","Downstream",52.578,10,"LT","","Pasture","","14-Jul-15",1,NA,726369.89,5315782.35,144.76,41920,-0.230169023948945,8.67805967689492,57.04
"590","S31","Downstream",50.8,20,"LT","","Pasture","","14-Jul-15",1,NA,726370.38,5315777.85,144.76,41920,-0.230169023948945,8.29707042290829,56.61
"591","S31","Downstream",48.006,30,"LT","","Pasture","","14-Jul-15",1,NA,726375.5,5315776.87,143.38,41920,-0.230169023948945,4.68727463600226,50.23
"592","S31","Downstream",64.008,10,"LT","","Pasture","","14-Jul-15",1,NA,726379.11,5315775.57,142.48,41984,-0.230169023948945,4.19441256672144,48.82
"593","S31","Downstream",153.416,60,"LT","","Pasture","","14-Jul-15",1,NA,726378.83,5315770.99,140.96,41984,-0.230169023948945,9.32228784076869,57.72
"594","S31","Downstream",56.896,30,"LT","","Pasture","","14-Jul-15",1,NA,726379.5,5315766.43,139.8,41984,-0.230169023948945,2.19050018116832,39.69
"595","S31","Downstream",32.004,10,"LT","","Pasture","","14-Jul-15",1,NA,726384.02,5315767.78,140.96,41984,-0.230169023948945,7.55116805108264,55.72
"596","S31","Downstream",44.704,20,"LT","","Pasture","","14-Jul-15",1,NA,726387.51,5315764.44,139.02,42048,-0.230169023948945,1.36042172531597,33.28
"597","S31","Downstream",20.32,0,"LT","rejoins S26a","Pasture","","14-Jul-15",1,470,726388.69,5315759.44,139.02,42048,-0.230169023948945,2.62599768280052,42.32
