h_stony_subcatchment_20160304b.csv,,,,,,,,,,,,
"Created by Eric Barefoot, modified by George Allen",,,,,,,,,,,,
July 2016,,,,,,,,,,,,
,,,,,,,,,,,,
"This table is field data collected in a subcatchment of the Stony Creek Watershed in Duke Forest Edeburn Division SW of Hillsborough, North Carolina",,,,,,,,,,,,
This data set was created by Eric Barefoot and Elizabeth Henry by flagging streams every 5 meters and then measuring wetted width of flowing streams with a tape measure,,,,,,,,,,,,
This data was collected to determine the distribution of stream widths in headwater catchments.,,,,,,,,,,,,
,,,,,,,,,,,,
,,,,,,,,,,,,
columns:,,,,,,,,,,,,
stream_segment_ID,Internal and external stream segments usually seperated by nodes. Order is arbitrary,,,,,,,,,,,
direction,We either paced upstream or downstream,,,,,,,,,,,
flowing_width,Raw width measurements taken in inches,,,,,,,,,,,
percent_nonflow,"Estimated percentage of the streams that were not flowing due to sandbars, rocks, vegetation, or other material at the surface of the stream",,,,,,,,,,,
code,attributes of stream or measurement ,,,,,,,,,,,
,B,bushes,,,,,,,,,,
,DM,divine measurement - width visually estimated (only done a few times in Konza where poison ivy was too dense to measure),,,,,,,,,,
,G,tall grass,,,,,,,,,,
,MC,multiple channels seperated by vegetation,,,,,,,,,,
,RF,width measured by laser range finder (in meters),,,,,,,,,,
,SC,Stream covered by snow,,,,,,,,,,
notes,misc notes,,,,,,,,,,,
environment,where the stream is located,,,,,,,,,,,
measurer_name,name of person pacing and taking width measurements,,,,,,,,,,,
date,date,,,,,,,,,,,
stream_order,strahler stream order (no 0 order streams),,,,,,,,,,,
UTM_X,UTM zone 17N easting (locations are approximate),,,,,,,,,,,
UTM_Y,UTM zone 17N northing (locations are approximate),,,,,,,,,,,
elev_m,approximate elevations in meters,,,,,,,,,,,
,,,,,,,,,,,,
,,,,,,,,,,,,
,,,,,,,,,,,,
,,,,,,,,,,,,
,,,,,,,,,,,,
,,,,,,,,,,,,
,,,,,,,,,,,,
,,,,,,,,,,,,
,,,,,,,,,,,,
,,,,,,,,,,,,
,,,,,,,,,,,,
,,,,,,,,,,,,
,,,,,,,,,,,,
,,,,,,,,,,,,
,,,,,,,,,,,,
,,,,,,,,,,,,
,,,,,,,,,,,,
,,,,,,,,,,,,
,,,,,,,,,,,,
,,,,,,,,,,,,
stream_segment_ID,direction,flowing_width,percent_nonflow,code,notes,environment,measurer_name,date,stream_order,UTM_X,UTM_Y,elev_m
S01A,Upstream,46,5,,,Forest,,03/04/2016,3,673747.7298,3990036.234,176.1961
S01A,Upstream,35,,,,Forest,,03/04/2016,3,673743.1721,3990029.707,180.7898
S01A,Upstream,39,,,,Forest,,03/04/2016,3,673742.7173,3990011.72,174.1124
S01A,Upstream,64,,,,Forest,,03/04/2016,3,673739.9285,3990006.893,178.8121
S01A,Upstream,39,,,gauge,Forest,,03/04/2016,3,673740.2956,3990006.567,185.1521
S01A,Upstream,40,,,,Forest,,03/04/2016,3,673735.7049,3990006.254,185.5603
S01A,Upstream,54,,,,Forest,,03/04/2016,3,673728.6772,3990010.665,185.6153
S01A,Upstream,37,,,,Forest,,03/04/2016,3,673725.7259,3990018.597,185.1818
S01A,Upstream,56,,,,Forest,,03/04/2016,3,673721.6341,3990015.852,180.8343
S01A,Upstream,62,,,,Forest,,03/04/2016,3,673718.285,3990016.563,185.4912
S01A,Upstream,83,,,,Forest,,03/04/2016,3,673720.2848,3990015.715,185.0196
S01A,Upstream,100,,,,Forest,,03/04/2016,3,673720.287,3990015.604,181.5804
S01A,Upstream,31,,,,Forest,,03/04/2016,3,673720.1486,3990008.942,185.1161
S01A,Upstream,46,,,,Forest,,03/04/2016,3,673718.7311,3990007.693,185.1958
S01A,Upstream,43,,,,Forest,,03/04/2016,3,673714.6394,3990004.949,185.1739
S01A,Upstream,58,,,,Forest,,03/04/2016,3,673710.7365,3990001.764,184.5181
S01A,Upstream,70,,,,Forest,,03/04/2016,3,673707.405,3989997.037,185.4569
S01A,Upstream,88,,,,Forest,,03/04/2016,3,673700.3136,3990000.115,184.3778
S01A,Upstream,45,,,,Forest,,03/04/2016,3,673697.2854,3989998.279,184.1667
S01A,Upstream,75,,,,Forest,,03/04/2016,3,673690.8619,3989994.934,185.0286
S01A,Upstream,45,,,,Forest,,03/04/2016,3,673685.0759,3989991.268,183.6562
S01A,Upstream,38,,,,Forest,,03/04/2016,3,673682.2564,3989992.544,184.9402
S01A,Upstream,55,,,,Forest,,03/04/2016,3,673681.8916,3989992.759,182.295
S01A,Upstream,39,,,,Forest,,03/04/2016,3,673677.6965,3989990.678,184.9783
S01A,Upstream,43,15,,,Forest,,03/04/2016,3,673669.4997,3989985.854,184.5024
S01A,Upstream,53,,,,Forest,,03/04/2016,3,673664.7375,3989980.544,182.0936
S01A,Upstream,54,30,,,Forest,,03/04/2016,3,673659.0416,3989981.43,184.8303
S01A,Upstream,50,,,,Forest,,03/04/2016,3,673654.0487,3989983.218,181.986
S01A,Upstream,50,40,,,Forest,,03/04/2016,3,673647.6473,3989983.313,180.9669
S01A,Upstream,47,5,,,Forest,,03/04/2016,3,673646.3398,3989981.068,185.685
S01A,Upstream,48,,,,Forest,,03/04/2016,3,673646.7463,3989978.745,186.0299
S01A,Upstream,53,,,,Forest,,03/04/2016,3,673643.0192,3989975.786,186.2909
S01A,Upstream,48,,,,Forest,,03/04/2016,3,673637.0924,3989974.67,181.4433
S01A,Upstream,55,,,,Forest,,03/04/2016,3,673634.3785,3989970.621,185.9281
S01A,Upstream,64,,,,Forest,,03/04/2016,3,673633.4224,3989964.276,182.9914
S01A,Upstream,40,,,,Forest,,03/04/2016,3,673630.0843,3989959.882,186.5258
S01B,Upstream,67,,,,Forest,,03/04/2016,3,673626.0914,3989956.695,186.2921
S01B,Upstream,139,90,,,Forest,,03/04/2016,3,673622.4082,3989951.518,186.1911
S01B,Upstream,83,,,,Forest,,03/04/2016,3,673620.5908,3989947.708,182.0698
S01B,Upstream,64,,,,Forest,,03/04/2016,3,673616.2374,3989949.065,186.7562
S01B,Upstream,78,,,,Forest,,03/04/2016,3,673613.3323,3989950.117,186.9357
S01B,Upstream,95,,,,Forest,,03/04/2016,3,673608.1725,3989951.236,187.0094
S01B,Upstream,85,,,,Forest,,03/04/2016,3,673601.6743,3989947.112,181.8859
S01B,Upstream,79,,,,Forest,,03/04/2016,3,673598.3911,3989944.494,187.6692
S01B,Upstream,66,,,,Forest,,03/04/2016,3,673595.3606,3989942.77,185.7163
S01B,Upstream,76,,,,Forest,,03/04/2016,3,673592.2203,3989937.492,184.698
S01B,Upstream,66,,,,Forest,,03/04/2016,3,673590.0974,3989935.452,187.5012
S01B,Upstream,33,,,,Forest,,03/04/2016,3,673587.1548,3989929.29,184.3724
S01B,Upstream,36,,,,Forest,,03/04/2016,3,673583.4255,3989926.442,186.6335
S01B,Upstream,70,,,,Forest,,03/04/2016,3,673578.7688,3989920.357,187.145
S01B,Upstream,57,,,,Forest,,03/04/2016,3,673577.3404,3989919.662,187.3846
S01B,Upstream,58,,,,Forest,,03/04/2016,3,673575.4658,3989918.738,187.5554
S01B,Upstream,81,,,,Forest,,03/04/2016,3,673579.0147,3989907.932,187.7728
S01B,Upstream,44,,,,Forest,,03/04/2016,3,673578.874,3989905.932,187.7082
S01B,Upstream,51,,,,Forest,,03/04/2016,3,673577.8388,3989899.03,187.3966
S01B,Upstream,55,,,,Forest,,03/04/2016,3,673576.1818,3989896.223,180.3416
S01B,Upstream,48,,,,Forest,,03/04/2016,3,673567.6443,3989894.944,182.7202
S01B,Upstream,41,,,,Forest,,03/04/2016,3,673562.9678,3989894.408,188.2718
S01B,Upstream,34,,,,Forest,,03/04/2016,3,,,
S01B,Upstream,64,,,,Forest,,03/04/2016,3,673557.7309,3989890.309,188.3528
S01B,Upstream,53,,,,Forest,,03/04/2016,3,673558.0758,3989881.993,187.631
S02A,Upstream,12,,,,Forest,,03/04/2016,2,673555.3245,3989884.38,188.2382
S02A,Upstream,16,,,gauge,Forest,,03/04/2016,2,673554.0632,3989888.905,189.4609
S02A,Upstream,0,,,,Forest,,03/04/2016,2,673552.7799,3989889.989,188.9353
S02A,Upstream,0,,,,Forest,,03/04/2016,2,673548.5627,3989889.018,189.3071
S02A,Upstream,0,,,,Forest,,03/04/2016,2,673544.6775,3989889.496,186.9012
S02A,Upstream,23,,,,Forest,,03/04/2016,2,673539.2232,3989891.83,186.9975
S02A,Upstream,0,,,,Forest,,03/04/2016,2,673535.9048,3989890.987,186.8185
S02A,Upstream,0,,,,Forest,,03/04/2016,2,673531.3163,3989890.563,190.1434
S02A,Upstream,0,,,,Forest,,03/04/2016,2,673527.6903,3989891.601,190.5239
S02A,Upstream,0,,,,Forest,,03/04/2016,2,673524.9961,3989891.104,189.5161
S02A,Upstream,0,,,,Forest,,03/04/2016,2,673518.9945,3989889.21,190.111
S02A,Upstream,0,,,,Forest,,03/04/2016,2,673498.5926,3989895.354,191.4039
S02A,Upstream,10,,,,Forest,,03/04/2016,2,673514.3775,3989890.228,190.9547
S02A,Upstream,0,,,,Forest,,03/04/2016,2,673512.7864,3989888.643,191.1169
S02A,Upstream,0,,,,Forest,,03/04/2016,2,673509.2901,3989887.686,185.8245
S02A,Upstream,19,,,,Forest,,03/04/2016,2,673507.1563,3989890.751,186.9594
S02A,Upstream,14,,,,Forest,,03/04/2016,2,673504.5128,3989896.803,192.0465
S02A,Upstream,19,,,,Forest,,03/04/2016,2,673501.9066,3989900.968,186.9707
S02A,Upstream,17,,,,Forest,,03/04/2016,2,673498.5311,3989898.46,191.8692
S02A,Upstream,22,,,,Forest,,03/04/2016,2,673498.2409,3989894.903,191.021
S02A,Upstream,20,,,,Forest,,03/04/2016,2,673494.2414,3989896.6,191.912
S02A,Upstream,0,,,,Forest,,03/04/2016,2,673490.1453,3989898.627,191.5221
S02A,Upstream,0,,,,Forest,,03/04/2016,2,673486.3589,3989898.663,192.6442
S02A,Upstream,16,,,,Forest,,03/04/2016,2,673483.9305,3989898.393,191.8257
S02A,Upstream,21,,,,Forest,,03/04/2016,2,673481.5023,3989898.123,185.2694
S02A,Upstream,13,,,,Forest,,03/04/2016,2,673473.2307,3989901.622,187.3275
S02A,Upstream,0,,,,Forest,,03/04/2016,2,673471.1847,3989900.25,191.8949
S02A,Upstream,16,,,,Forest,,03/04/2016,2,673469.4003,3989899.326,192.524
S02A,Upstream,15,,,,Forest,,03/04/2016,2,673464.2821,3989898.337,187.9939
S02A,Upstream,15,,,,Forest,,03/04/2016,2,673459.6013,3989898.023,192.3411
S02A,Upstream,13,,,,Forest,,03/04/2016,2,673455.2458,3989899.49,192.7841
S02A,Upstream,8,,,,Forest,,03/04/2016,2,673453.022,3989902.554,192.5713
S02A,Upstream,0,,,,Forest,,03/04/2016,2,673449.4072,3989907.587,192.4174
S02A,Upstream,0,,,,Forest,,03/04/2016,2,673444.0672,3989908.703,192.7754
S02A,Upstream,0,,,,Forest,,03/04/2016,2,673441.4345,3989909.649,191.0484
S02A,Upstream,0,,,,Forest,,03/04/2016,2,673438.659,3989908.706,188.7171
S02A,Upstream,0,,,,Forest,,03/04/2016,2,673434.2309,3989909.285,192.492
S02A,Upstream,0,,,,Forest,,03/04/2016,2,673432.2686,3989912.797,192.9413
S02A,Upstream,16,,,,Forest,,03/04/2016,2,673428.4099,3989916.494,192.4431
S02A,Upstream,6,,,,Forest,,03/04/2016,2,673425.652,3989919.214,193.0376
S02A,Upstream,0,,,,Forest,,03/04/2016,2,673420.7581,3989920.56,190.6434
S02A,Upstream,23,,,,Forest,,03/04/2016,2,673418.1629,3989924.171,193.0029
S02A,Upstream,28,,,,Forest,,03/04/2016,2,673416.5303,3989929.244,193.7333
S02A,Upstream,20,,,,Forest,,03/04/2016,2,673413.6737,3989932.406,194.0457
S02A,Upstream,20,,,,Forest,,03/04/2016,2,673408.8919,3989937.194,193.9354
S02A,Upstream,9,,,,Forest,,03/04/2016,2,673405.2221,3989940.451,193.7998
S02A,Upstream,0,,,,Forest,,03/04/2016,2,673403.585,3989941.195,193.4714
S02A,Upstream,0,,,,Forest,,03/04/2016,2,673404.5082,3989944.654,192.487
S02A,Upstream,15,,,,Forest,,03/04/2016,2,673400.4648,3989948.569,194.261
S02A,Upstream,0,,,,Forest,,03/04/2016,2,673399.3792,3989948.77,194.8445
S02A,Upstream,0,,,,Forest,,03/04/2016,2,673400.8188,3989953.459,194.4216
S02A,Upstream,20,,,,Forest,,03/04/2016,2,673402.7792,3989959.158,191.3219
S02A,Upstream,22,,,,Forest,,03/04/2016,2,673402.5574,3989961.262,194.5145
S02A,Upstream,25,,,,Forest,,03/04/2016,2,673395.1451,3989962.336,195.0114
S02A,Upstream,36,,,,Forest,,03/04/2016,2,673393.5388,3989966.078,195.199
S02A,Upstream,67,50,,,Forest,,03/04/2016,2,673388.99,3989968.207,191.0104
S02A,Upstream,20,,,,Forest,,03/04/2016,2,673387.4892,3989971.174,195.687
S02B,Upstream,24,,,,Forest,,03/04/2016,1,673385.606,3989975.243,194.8026
S02B,Upstream,22,,,,Forest,,03/04/2016,1,673382.923,3989978.741,192.8396
S02B,Upstream,40,10,,,Forest,,03/04/2016,1,673380.108,3989979.795,195.7244
S02B,Upstream,27,5,,,Forest,,03/04/2016,1,673374.601,3989980.242,190.8193
S02B,Upstream,44,80,,,Forest,,03/04/2016,1,673368.3074,3989984.001,191.5966
S02B,Upstream,21,,,,Forest,,03/04/2016,1,673368.5492,3989985.449,192.4733
S02B,Upstream,7,,,,Forest,,03/04/2016,1,673365.7692,3989984.728,197.1658
S02B,Upstream,9,,,,Forest,,03/04/2016,1,673362.7828,3989985.335,196.8669
S02B,Upstream,11,,,,Forest,,03/04/2016,1,673355.1356,3989989.179,192.9003
S02B,Upstream,7,,,,Forest,,03/04/2016,1,673349.3386,3989990.618,197.758
S02B,Upstream,0,,,,Forest,,03/04/2016,1,673345.7962,3989991.991,196.5901
S02B,Upstream,16,,,,Forest,,03/04/2016,1,673342.5286,3989993.147,198.5826
S02B,Upstream,26,,,,Forest,,03/04/2016,1,673339.0236,3989997.184,195.3536
S02B,Upstream,37,,,,Forest,,03/04/2016,1,673338.2347,3989996.058,198.858
S02B,Upstream,20,,,,Forest,,03/04/2016,1,673332.8068,3989997.061,199.659
S02B,Upstream,13,,,,Forest,,03/04/2016,1,673321.7005,3989998.062,196.0314
S02B,Upstream,18,,,,Forest,,03/04/2016,1,673319.8788,3989999.025,199.5378
S02B,Upstream,14,,,,Forest,,03/04/2016,1,673316.1869,3989998.841,199.8285
S02B,Upstream,0,,,,Forest,,03/04/2016,1,673311.8184,3990000.974,199.6672
S02B,Upstream,0,,,,Forest,,03/04/2016,1,673308.1574,3990003.787,200.0672
S02B,Upstream,14,,,,Forest,,03/04/2016,1,673304.1142,3990007.703,201.6689
S03A,Upstream,41,,,,Forest,,03/04/2016,3,673549.0242,3989888.472,177.0763
S03A,Upstream,37,,,,Forest,,03/04/2016,3,673556.3881,3989880.738,174.5102
S03A,Upstream,31,,,,Forest,,03/04/2016,3,673558.8713,3989878.235,184.0782
S03A,Upstream,55,,,,Forest,,03/04/2016,3,673558.8866,3989877.458,182.89
S03A,Upstream,28,,,,Forest,,03/04/2016,3,673557.2428,3989873.986,182.8941
S03A,Upstream,46,,,,Forest,,03/04/2016,3,673557.2712,3989867.993,183.5248
S03A,Upstream,83,,,,Forest,,03/04/2016,3,673556.2954,3989862.647,175.5039
S03A,Upstream,67,,,,Forest,,03/04/2016,3,673556.2425,3989856.209,183.1837
S03A,Upstream,33,,,,Forest,,03/04/2016,3,673553.4515,3989851.493,183.4411
S03A,Upstream,53,,,,Forest,,03/04/2016,3,673551.7945,3989848.686,177.9982
S03A,Upstream,55,,,,Forest,,03/04/2016,3,673550.3594,3989843.774,183.511
S03A,Upstream,52,,,,Forest,,03/04/2016,3,673548.9485,3989842.193,183.0861
S03A,Upstream,57,,,,Forest,,03/04/2016,3,673543.9952,3989841.984,178.0527
S03A,Upstream,40,,,,Forest,,03/04/2016,3,673536.3607,3989840.612,184.0771
S03A,Upstream,48,,,,Forest,,03/04/2016,3,673536.0881,3989836.167,183.2753
S03A,Upstream,57,,,,Forest,,03/04/2016,3,673535.3256,3989833.711,184.0746
S03A,Upstream,26,,,,Forest,,03/04/2016,3,673532.6488,3989832.326,178.0683
S03A,Upstream,43,,,,Forest,,03/04/2016,3,673531.1259,3989831.852,184.4205
S03A,Upstream,49,,,,Forest,,03/04/2016,3,673527.4537,3989830.67,180.5486
S03A,Upstream,51,,,,Forest,,03/04/2016,3,673527.0889,3989830.884,184.1496
S03A,Upstream,46,,,,Forest,,03/04/2016,3,673525.6626,3989825.529,183.5579
S03A,Upstream,38,,,,Forest,,03/04/2016,3,673521.3378,3989825.444,183.5999
S03A,Upstream,55,20,,,Forest,,03/04/2016,3,673517.2942,3989824.809,184.1424
S03A,Upstream,46,,,,Forest,,03/04/2016,3,673515.9471,3989824.56,181.5649
S03A,Upstream,20,,,,Forest,,03/04/2016,3,673514.5276,3989827.972,183.6788
S03A,Upstream,72,,,,Forest,,03/04/2016,3,673510.9259,3989832.34,183.9447
S03A,Upstream,22,,,,Forest,,03/04/2016,3,673506.7636,3989833.146,177.7739
S03B,Upstream,38,,,,Forest,,03/04/2016,3,673505.8471,3989829.354,184.0701
S03B,Upstream,31,,,,Forest,,03/04/2016,3,673503.922,3989826.431,184.6026
S03B,Upstream,46,,,,Forest,,03/04/2016,3,673498.817,3989824.776,184.3603
S03B,Upstream,32,,,,Forest,,03/04/2016,3,673498.1159,3989823.763,183.1258
S03B,Upstream,37,,,,Forest,,03/04/2016,3,673497.8257,3989820.206,181.4314
S03B,Upstream,27,,,,Forest,,03/04/2016,3,673495.8126,3989817.17,184.6247
S03B,Upstream,43,,,,Forest,,03/04/2016,3,673495.2083,3989815.827,184.2201
S03B,Upstream,23,,,,Forest,,03/04/2016,3,673495.6235,3989813.06,177.6649
S03B,Upstream,39,,,,Forest,,03/04/2016,3,673495.5818,3989810.618,183.0831
S03B,Upstream,40,,,,Forest,,03/04/2016,3,673495.7245,3989807.957,184.1797
S03B,Upstream,31,,,,Forest,,03/04/2016,3,673497.2473,3989803.881,180.2762
S03B,Upstream,44,,,,Forest,,03/04/2016,3,673499.2669,3989802.034,180.9798
S03B,Upstream,53,,,,Forest,,03/04/2016,3,673498.935,3989800.585,185.2446
S03B,Upstream,33,,,,Forest,,03/04/2016,3,673499.3986,3989795.378,185.4402
S03B,Upstream,0,,,road,Forest,,03/04/2016,3,673500.0841,3989792.617,179.0531
S03B,Upstream,55,,,,Forest,,03/04/2016,3,673500.5893,3989785.303,184.9271
S03B,Upstream,84,,,,Forest,,03/04/2016,3,673500.9716,3989779.651,177.2627
S03B,Upstream,21,,,,Forest,,03/04/2016,3,673498.3959,3989777.713,176.0641
S03B,Upstream,41,,,,Forest,,03/04/2016,3,673494.1347,3989774.41,184.7241
S03B,Upstream,46,,,,Forest,,03/04/2016,3,673494.2731,3989771.972,178.7684
S03B,Upstream,54,,,,Forest,,03/04/2016,3,673496.6969,3989767.913,185.3163
S03B,Upstream,34,,,,Forest,,03/04/2016,3,673498.9581,3989762.964,184.4381
S03B,Upstream,31,,,,Forest,,03/04/2016,3,673498.29,3989760.287,184.4793
S03B,Upstream,21,,,,Forest,,03/04/2016,3,673497.3909,3989751.058,185.2955
S03B,Upstream,33,,,,Forest,,03/04/2016,3,673495.0525,3989746.24,187.6169
S03B,Upstream,32,,,,Forest,,03/04/2016,3,673493.6657,3989743.438,179.5229
S03B,Upstream,60,,,,Forest,,03/04/2016,3,673496.2853,3989743.157,184.9258
S03B,Upstream,36,,,,Forest,,03/04/2016,3,673500.0321,3989740.568,183.0843
S03B,Upstream,35,,,,Forest,,03/04/2016,3,673505.8819,3989736.466,184.8573
S03B,Upstream,45,,,,Forest,,03/04/2016,3,673508.0465,3989731.848,184.8195
S03B,Upstream,28,,,,Forest,,03/04/2016,3,673508.2991,3989728.191,184.2993
S03B,Upstream,28,,,,Forest,,03/04/2016,3,673508.6705,3989727.643,184.9548
S03B,Upstream,59,,,,Forest,,03/04/2016,3,673506.3321,3989722.825,185.0346
S03B,Upstream,39,,,,Forest,,03/04/2016,3,673506.0991,3989720.934,174.9868
S03B,Upstream,55,,,,Forest,,03/04/2016,3,,,
S04A,Upstream,50,,,,Forest,,03/04/2016,3,673499.0181,3989709.807,188.6501
S04A,Upstream,37,,,,Forest,,03/04/2016,3,673498.3435,3989712.013,180.3766
S04A,Upstream,47,,,,Forest,,03/04/2016,3,673497.359,3989711.66,186.7646
S04A,Upstream,8,,,,Forest,,03/04/2016,3,673490.6585,3989713.193,178.6343
S04A,Upstream,32,,,,Forest,,03/04/2016,3,673485.8897,3989712.765,183.1822
S04A,Upstream,36,20,,,Forest,,03/04/2016,3,673484.1778,3989712.732,181.4167
S04A,Upstream,43,,,,Forest,,03/04/2016,3,673483.7471,3989716.274,188.0329
S04A,Upstream,24,,,,Forest,,03/04/2016,3,673482.4747,3989716.804,188.2201
S04A,Upstream,34,,,,Forest,,03/04/2016,3,673477.6292,3989720.26,188.3039
S04A,Upstream,22,,,,Forest,,03/04/2016,3,673476.9237,3989719.469,187.9505
S04B,Upstream,22,,,S16 enters,Forest,,03/04/2016,3,673474.1657,3989717.638,187.7192
S04B,Upstream,25,,,,Forest,,03/04/2016,3,673472.5329,3989718.161,188.0728
S04B,Upstream,17,,,,Forest,,03/04/2016,3,673471.3131,3989716.028,187.2393
S04B,Upstream,31,,,,Forest,,03/04/2016,3,673462.0613,3989718.953,187.399
S04C,Upstream,0,,,S19 enters,Forest,,03/04/2016,3,673459.123,3989717.119,188.3084
S04C,Upstream,27,,,,Forest,,03/04/2016,3,673457.2088,3989713.641,184.815
S04C,Upstream,25,,,,Forest,,03/04/2016,3,673453.6639,3989710.574,187.9757
S04C,Upstream,35,,,,Forest,,03/04/2016,3,673452.4926,3989710.551,188.0555
S04C,Upstream,25,,,,Forest,,03/04/2016,3,673447.304,3989708.562,188.4431
S04C,Upstream,40,,,,Forest,,03/04/2016,3,673440.4013,3989706.65,188.0236
S04C,Upstream,22,,,,Forest,,03/04/2016,3,673439.597,3989706.301,179.6908
S04C,Upstream,10,,,,Forest,,03/04/2016,3,673439.0936,3989704.404,188.8052
S04C,Upstream,0,,,,Forest,,03/04/2016,3,673434.3488,3989698.207,188.5156
S04C,Upstream,22,,,,Forest,,03/04/2016,3,673433.5949,3989695.306,188.4166
S04C,Upstream,59,,,,Forest,,03/04/2016,3,673434.9705,3989694.113,188.5752
S04C,Upstream,58,,,,Forest,,03/04/2016,3,673434.3311,3989694.544,188.5327
S04C,Upstream,39,,,,Forest,,03/04/2016,3,673431.9906,3989694.387,183.3582
S04C,Upstream,31,,,,Forest,,03/04/2016,3,673427.6656,3989689.751,188.6603
S04C,Upstream,24,,,,Forest,,03/04/2016,3,673426.6368,3989682.517,183.8211
S04C,Upstream,31,,,,Forest,,03/04/2016,3,673422.8656,3989681.777,188.7068
S04C,Upstream,36,,,,Forest,,03/04/2016,3,673423.103,3989683.446,188.7401
S04C,Upstream,41,,,,Forest,,03/04/2016,3,673423.4152,3989685.894,181.8281
S04C,Upstream,37,,,,Forest,,03/04/2016,3,673423.2812,3989688.111,185.1808
S04C,Upstream,39,,,,Forest,,03/04/2016,3,673420.1761,3989690.158,184.3558
S04C,Upstream,37,,,,Forest,,03/04/2016,3,673419.653,3989689.26,184.0045
S04C,Upstream,46,,,,Forest,,03/04/2016,3,673417.5607,3989685.667,188.6383
S04C,Upstream,52,,,,Forest,,03/04/2016,3,673408.2805,3989690.034,189.3484
S04C,Upstream,40,,,,Forest,,03/04/2016,3,673407.5947,3989688.245,191.3945
S04C,Upstream,35,,,,Forest,,03/04/2016,3,673404.8323,3989686.636,189.0862
S04C,Upstream,23,,,,Forest,,03/04/2016,3,673402.2061,3989687.25,182.3994
S04C,Upstream,31,,,,Forest,,03/04/2016,3,673397.3295,3989683.159,189.1892
S04C,Upstream,33,,,,Forest,,03/04/2016,3,673392.0178,3989682.832,189.5669
S04C,Upstream,27,,,,Forest,,03/04/2016,3,673388.9741,3989681.773,189.4767
S04C,Upstream,36,,,,Forest,,03/04/2016,3,673387.0842,3989681.624,189.5261
S04C,Upstream,5,,,,Forest,,03/04/2016,3,673383.8186,3989682.67,189.4673
S04C,Upstream,38,,,,Forest,,03/04/2016,3,673380.5726,3989682.716,189.7002
S04C,Upstream,53,,,,Forest,,03/04/2016,3,673378.5508,3989680.124,187.1023
S04C,Upstream,63,,,,Forest,,03/04/2016,3,673371.8411,3989673,187.3873
S04C,Upstream,29,,,gauge,Forest,,03/04/2016,3,673365.7756,3989669.772,189.7236
S04C,Upstream,26,,,,Forest,,03/04/2016,3,673365.3141,3989670.318,184.3401
S04C,Upstream,23,,,,Forest,,03/04/2016,3,673364.9096,3989667.98,189.2813
S04C,Upstream,26,,,,Forest,,03/04/2016,3,673365.4062,3989665.659,186.558
S04C,Upstream,36,,,,Forest,,03/04/2016,3,673359.9801,3989662,189.7529
S04C,Upstream,53,,,,Forest,,03/04/2016,3,673357.9209,3989661.294,183.6933
S04C,Upstream,33,,,,Forest,,03/04/2016,3,673356.7452,3989661.493,189.9631
S04C,Upstream,46,,,,Forest,,03/04/2016,3,673356.6439,3989657.495,194.8147
S04C,Upstream,39,,,,Forest,,03/04/2016,3,673354.1299,3989657.002,183.8429
S04C,Upstream,45,,,,Forest,,03/04/2016,3,673354.2726,3989654.341,182.5325
S04C,Upstream,19,,,,Forest,,03/04/2016,3,673352.1321,3989653.189,189.866
S04C,Upstream,23,,,,Forest,,03/04/2016,3,673350.7058,3989652.384,181.6134
S04C,Upstream,18,,,,Forest,,03/04/2016,3,673349.3275,3989644.588,190.2334
S04C,Upstream,54,,,,Forest,,03/04/2016,3,673346.9276,3989642.876,190.4679
S04C,Upstream,104,,,,Forest,,03/04/2016,3,673342.7388,3989640.463,189.4147
S04C,Upstream,107,,,,Forest,,03/04/2016,3,673335.5569,3989638.989,190.8503
S04C,Upstream,115,,,,Forest,,03/04/2016,3,673331.9022,3989636.919,190.9207
S04C,Upstream,51,,,,Forest,,03/04/2016,3,673328.7595,3989636.302,187.3433
S04C,Upstream,60,,,,Forest,,03/04/2016,3,673326.5772,3989632.708,190.6965
S04C,Upstream,166,,,,Forest,,03/04/2016,3,673323.1226,3989634.193,190.8264
S04C,Upstream,33,,,,Forest,,03/04/2016,3,673318.1998,3989632.431,191.3046
S04C,Upstream,31,,,,Forest,,03/04/2016,3,673314.444,3989630.915,185.216
S04C,Upstream,39,,,,Forest,,03/04/2016,3,673309.0927,3989628.034,190.8286
S04C,Upstream,42,,,,Forest,,03/04/2016,3,673303.9434,3989624.048,190.8337
S05A,Upstream,12,,,,Forest,,03/04/2016,1,673498.5832,3989718.122,181.0032
S05A,Upstream,16,,,,Forest,,03/04/2016,1,673498.8667,3989717.461,185.2425
S05A,Upstream,20,,,gauge,Forest,,03/04/2016,1,673499.5632,3989714.146,185.5661
S05A,Upstream,33,,,,Forest,,03/04/2016,1,673497.3435,3989707.887,180.9118
S05A,Upstream,0,,,,Forest,,03/04/2016,1,673498.4114,3989704.024,185.6487
S05A,Upstream,0,,,,Forest,,03/04/2016,1,673494.6533,3989698.068,178.5224
S05A,Upstream,31,,,,Forest,,03/04/2016,1,673495.2444,3989695.527,185.5271
S05A,Upstream,57,,,,Forest,,03/04/2016,1,673495.8004,3989694.761,181.5774
S05A,Upstream,50,,,,Forest,,03/04/2016,1,673494.6861,3989691.853,185.4461
S05A,Upstream,23,50,,,Forest,,03/04/2016,1,673492.5038,3989688.259,185.5148
S05A,Upstream,27,,,,Forest,,03/04/2016,1,673492.0246,3989685.142,185.8013
S05A,Upstream,30,,,,Forest,,03/04/2016,1,673492.5386,3989677.384,183.192
S05A,Upstream,56,,,,Forest,,03/04/2016,1,673491.2439,3989665.373,183.1441
S05A,Upstream,13,,,,Forest,,03/04/2016,1,673490.9252,3989663.258,185.1526
S05A,Upstream,10,,,,Forest,,03/04/2016,1,673486.9779,3989653.192,181.3212
S05A,Upstream,15,,,,Forest,,03/04/2016,1,673485.3142,3989650.717,185.9686
S05A,Upstream,16,,,,Forest,,03/04/2016,1,673485.9514,3989645.847,185.0767
S05A,Upstream,34,,,,Forest,,03/04/2016,1,673486.3117,3989641.304,185.8476
S05A,Upstream,19,,,,Forest,,03/04/2016,1,,,
S05A,Upstream,100,,,,Forest,,03/04/2016,1,,,
S06A,Upstream,9,,,,Forest,,03/04/2016,2,673305.6841,3989627.19,187.0626
S06A,Upstream,14,,,,Forest,,03/04/2016,2,673304.1282,3989628.38,187.0396
S06A,Upstream,13,,,gauge,Forest,,03/04/2016,2,673305.0643,3989626.623,187.2827
S06A,Upstream,14,,,,Forest,,03/04/2016,2,673304.7258,3989625.507,186.4875
S06A,Upstream,44,,,,Forest,,03/04/2016,2,673305.1785,3989625.404,187.8494
S06A,Upstream,9,,,,Forest,,03/04/2016,2,673303.6797,3989623.71,187.4821
S06A,Upstream,13,,,,Forest,,03/04/2016,2,673302.8156,3989617.256,184.4059
S06A,Upstream,29,,,,Forest,,03/04/2016,2,673302.9693,3989614.041,184.9851
S06A,Upstream,19,,,,Forest,,03/04/2016,2,673299.2442,3989610.971,188.4963
S06A,Upstream,60,,,,Forest,,03/04/2016,2,673298.4133,3989607.403,185.6575
S06A,Upstream,12,,,,Forest,,03/04/2016,2,673295.9384,3989600.363,188.759
S06A,Upstream,10,,,,Forest,,03/04/2016,2,673294.0748,3989598.883,188.9608
S06B,Upstream,15,,,S17 enters,Forest,,03/04/2016,1,673292.367,3989594.078,188.9519
S06B,Upstream,0,,,,Forest,,03/04/2016,1,673291.1162,3989588.948,187.5681
S06B,Upstream,0,,,,Forest,,03/04/2016,1,673291.1162,3989588.948,187.7115
S06B,Upstream,7.5,,,,Forest,,03/04/2016,1,673289.9315,3989585.04,185.4698
S06B,Upstream,0,,,,Forest,,03/04/2016,1,673292.0825,3989576.537,189.6242
S06B,Upstream,0,,,,Forest,,03/04/2016,1,673292.601,3989573.107,190.2777
S06B,Upstream,0,,,,Forest,,03/04/2016,1,673290.8469,3989566.081,189.7771
S06B,Upstream,0,,,,Forest,,03/04/2016,1,673291.1016,3989562.313,189.3894
S06B,Upstream,0,,,,Forest,,03/04/2016,1,673291.7342,3989557.664,189.545
S06B,Upstream,0,,,,Forest,,03/04/2016,1,673292.457,3989553.018,187.2394
S06B,Upstream,0,,,,Forest,,03/04/2016,1,673292.4962,3989546.471,190.1973
S06B,Upstream,0,,,,Forest,,03/04/2016,1,673292.562,3989543.143,190.6229
S06B,Upstream,0,,,,Forest,,03/04/2016,1,673293.2166,3989537.385,188.1189
S06B,Upstream,0,,,,Forest,,03/04/2016,1,673292.8272,3989529.719,190.801
S06B,Upstream,0,,,,Forest,,03/04/2016,1,673294.1497,3989522.088,191.3603
S06B,Upstream,0,,,,Forest,,03/04/2016,1,673294.7824,3989517.44,189.6177
S06B,Upstream,0,,,,Forest,,03/04/2016,1,673294.4174,3989513.104,191.5273
S06B,Upstream,0,,,,Forest,,03/04/2016,1,673295.3158,3989504.133,191.3874
S06B,Upstream,0,,,,Forest,,03/04/2016,1,673295.2298,3989499.359,190.3629
S06B,Upstream,0,,,,Forest,,03/04/2016,1,673295.1329,3989495.14,192.1807
S06B,Upstream,0,,,,Forest,,03/04/2016,1,673295.3942,3989491.039,189.1784
S06B,Upstream,0,,,,Forest,,03/04/2016,1,673294.5893,3989481.59,186.8516
S07A,Upstream,42,,,,Forest,,03/04/2016,3,673297.9002,3989628.812,186.3169
S07A,Upstream,29,,,,Forest,,03/04/2016,3,673295.2718,3989629.537,176.3526
S07A,Upstream,23,,,,Forest,,03/04/2016,3,673291.8545,3989629.136,186.7124
S07A,Upstream,32,,,,Forest,,03/04/2016,3,673288.8,3989633.182,186.9224
S07A,Upstream,39,,,,Forest,,03/04/2016,3,673286.4113,3989635.466,186.8397
S08A,Upstream,19,,,,Forest,,03/04/2016,2,673282.5942,3989637.055,175.9728
S08A,Upstream,21,,,,Forest,,03/04/2016,2,673283.1898,3989638.842,187.7953
S08A,Upstream,11,,,,Forest,,03/04/2016,2,673279.4958,3989643.319,188.5877
S08A,Upstream,22,,,,Forest,,03/04/2016,2,673276.1689,3989647.471,179.3195
S08A,Upstream,10,,,,Forest,,03/04/2016,2,673277.3996,3989649.049,184.0466
S08A,Upstream,29,,,,Forest,,03/04/2016,2,673275.7427,3989650.792,188.2393
S08A,Upstream,0,,,,Forest,,03/04/2016,2,673274.1012,3989651.758,181.7457
S08A,Upstream,0,,,,Forest,,03/04/2016,2,673271.7607,3989651.601,188.4619
S08A,Upstream,0,,,,Forest,,03/04/2016,2,673268.0734,3989655.745,182.2537
S08A,Upstream,13,,,,Forest,,03/04/2016,2,673267.9394,3989657.962,185.6987
S08A,Upstream,26,,,,Forest,,03/04/2016,2,673263.5509,3989661.094,188.2738
S08A,Upstream,18,,,,Forest,,03/04/2016,2,673259.8348,3989662.13,185.9786
S08A,Upstream,23,,,,Forest,,03/04/2016,2,673256.8814,3989665.623,189.1709
S08A,Upstream,19,,,,Forest,,03/04/2016,2,673254.2862,3989669.234,187.6645
S08A,Upstream,0,,,,Forest,,03/04/2016,2,673250.7525,3989670.163,188.7608
S08A,Upstream,35,,,,Forest,,03/04/2016,2,673250.1616,3989672.704,189.2093
S08A,Upstream,56,,,,Forest,,03/04/2016,2,673249.6938,3989678.133,189.2184
S08A,Upstream,31,,,,Forest,,03/04/2016,2,673248.2237,3989679.546,190.3166
S09A,Upstream,35,,,,Forest,,03/04/2016,1,673245.5337,3989678.827,185.9326
S09A,Upstream,3,,,,Forest,,03/04/2016,1,673243.2924,3989682.778,183.8671
S09A,Upstream,0,,,,Forest,,03/04/2016,1,673242.0772,3989684.974,187.1626
S09A,Upstream,0,,,,Forest,,03/04/2016,1,673240.8336,3989688.612,190.6299
S09A,Upstream,0,,,,Forest,,03/04/2016,1,673238.3022,3989693.556,184.7656
S09A,Upstream,0,,,,Forest,,03/04/2016,1,673238.4102,3989697.22,191.1268
S09A,Upstream,0,,,,Forest,,03/04/2016,1,673238.5443,3989699.553,191.2717
S09A,Upstream,0,,,,Forest,,03/04/2016,1,673238.9226,3989703.223,191.8979
S09A,Upstream,0,,,,Forest,,03/04/2016,1,673240.1886,3989707.576,192.4083
S09A,Upstream,0,,,,Forest,,03/04/2016,1,673240.1185,3989711.126,192.7064
S09A,Upstream,0,,,,Forest,,03/04/2016,1,673238.4222,3989714.866,192.268
S09A,Upstream,0,,,,Forest,,03/04/2016,1,673238.5235,3989718.863,192.9666
S09A,Upstream,0,,,,Forest,,03/04/2016,1,673237.2029,3989721.833,192.3793
S09A,Upstream,0,,,,Forest,,03/04/2016,1,673236.7461,3989726.707,193.356
S09A,Upstream,0,,,,Forest,,03/04/2016,1,673234.0107,3989737.418,193.262
S09A,Upstream,0,,,,Forest,,03/04/2016,1,673234.6288,3989747.196,190.3744
S09A,Upstream,0,,,,Forest,,03/04/2016,1,673234.3873,3989750.299,193.8653
S09A,Upstream,0,,,,Forest,,03/04/2016,1,673234.6094,3989752.745,192.8164
S09A,Upstream,0,,,,Forest,,03/04/2016,1,673234.8555,3989753.97,194.7184
S09A,Upstream,0,,,,Forest,,03/04/2016,1,673237.7725,3989766.014,195.2259
S09A,Upstream,0,,,,Forest,,03/04/2016,1,673237.4956,3989766.341,195.5457
S09A,Upstream,0,,,,Forest,,03/04/2016,1,673238.1221,3989771.125,194.5783
S09A,Upstream,0,,,,Forest,,03/04/2016,1,673237.6585,3989771.782,192.8055
S09A,Upstream,0,,,,Forest,,03/04/2016,1,673240.4232,3989773.28,193.9904
S09A,Upstream,0,,,,Forest,,03/04/2016,1,673240.5924,3989773.838,195.1676
S09A,Upstream,0,,,,Forest,,03/04/2016,1,673239.0741,3989777.692,195.856
S09A,Upstream,0,,,,Forest,,03/04/2016,1,673241.518,3989781.736,195.4895
S09A,Upstream,0,,,,Forest,,03/04/2016,1,673244.65,3989787.457,192.451
S09A,Upstream,0,,,,Forest,,03/04/2016,1,673247.2366,3989788.84,193.511
S09A,Upstream,0,,,,Forest,,03/04/2016,1,673252.5791,3989792.164,196.1124
S09A,Upstream,0,,,,Forest,,03/04/2016,1,673257.2821,3989795.919,192.8851
S09A,Upstream,0,,,,Forest,,03/04/2016,1,673262.0905,3989798.9,196.0681
S10A,Upstream,26,,,,Forest,,03/04/2016,2,673245.9558,3989680.278,188.2804
S10A,Upstream,24,,,,Forest,,03/04/2016,2,673240.2177,3989678.722,184.9913
S10A,Upstream,29,,,,Forest,,03/04/2016,2,673237.3191,3989679.442,189.3412
S10A,Upstream,29,,,,Forest,,03/04/2016,2,673232.9591,3989681.132,187.5097
S10A,Upstream,29,,,,Forest,,03/04/2016,2,673229.555,3989680.065,187.9415
S11A,Upstream,0,,,,Forest,,03/04/2016,1,673227.0368,3989684.344,187.905
S11A,Upstream,10,,,,Forest,,03/04/2016,1,673224.9735,3989688.409,189.8495
S11A,Upstream,0,,,,Forest,,03/04/2016,1,673219.1324,3989692.067,187.9228
S11A,Upstream,31,,,,Forest,,03/04/2016,1,673215.2318,3989693.322,190.4293
S11A,Upstream,23,,,,Forest,,03/04/2016,1,673211.6652,3989695.915,191.4332
S11A,Upstream,9,,,,Forest,,03/04/2016,1,673209.0591,3989700.081,191.1245
S11A,Upstream,7,,,,Forest,,03/04/2016,1,673208.1759,3989703.725,188.3665
S11A,Upstream,4,,,,Forest,,03/04/2016,1,673206.2093,3989707.46,191.457
S11A,Upstream,0,,,,Forest,,03/04/2016,1,673203.3614,3989710.178,191.4928
S11A,Upstream,8,,,,Forest,,03/04/2016,1,673200.5156,3989712.785,191.8533
S11A,Upstream,19,,,,Forest,,03/04/2016,1,673195.4173,3989715.348,191.5909
S11A,Upstream,46,20,,,Forest,,03/04/2016,1,673191.6224,3989720.378,190.1735
S12A,Upstream,5,,,,Forest,,03/04/2016,1,673221.4091,3989690.891,183.2541
S12A,Upstream,26,,,,Forest,,03/04/2016,1,673226.044,3989693.535,183.2321
S12A,Upstream,20,,,,Forest,,03/04/2016,1,673232.9358,3989696.002,184.4328
S12A,Upstream,15,,,,Forest,,03/04/2016,1,673229.6155,3989699.821,189.3118
S12A,Upstream,10,,,,Forest,,03/04/2016,1,673227.7894,3989701.005,187.3422
S12A,Upstream,21,,,,Forest,,03/04/2016,1,673226.6665,3989703.092,189.1538
S12A,Upstream,10,,,,Forest,,03/04/2016,1,673224.6755,3989703.496,189.2488
S12A,Upstream,15,,,,Forest,,03/04/2016,1,673222.2515,3989703.005,189.1706
S12A,Upstream,4,,,,Forest,,03/04/2016,1,673218.8057,3989704.046,188.941
S12A,Upstream,14,,,,Forest,,03/04/2016,1,673216.4896,3989707.219,189.1565
S12A,Upstream,13,,,,Forest,,03/04/2016,1,673216.6767,3989711.44,188.9534
S12A,Upstream,13,,,,Forest,,03/04/2016,1,673214.5912,3989712.065,185.7994
S12A,Upstream,24,,,,Forest,,03/04/2016,1,673212.9387,3989713.586,188.7207
S12A,Upstream,0,,,,Forest,,03/04/2016,1,673210.0317,3989719.299,188.8836
S12A,Upstream,12,,,,Forest,,03/04/2016,1,673207.6452,3989721.471,189.4027
S12A,Upstream,25,50,,,Forest,,03/04/2016,1,673206.7113,3989723.118,189.3327
S12A,Upstream,0,,,,Forest,,03/04/2016,1,673206.8543,3989725.007,189.732
S12A,Upstream,13,,,,Forest,,03/04/2016,1,673206.3975,3989729.881,189.7444
S12A,Upstream,9,,,,Forest,,03/04/2016,1,673205.4923,3989734.635,186.6727
S12A,Upstream,22,,,,Forest,,03/04/2016,1,673205.242,3989738.182,189.8845
S12A,Upstream,23,,,,Forest,,03/04/2016,1,673201.113,3989741.873,188.7155
S12A,Upstream,21,,,,Forest,,03/04/2016,1,673197.6719,3989747.243,190.4618
S12A,Upstream,0,,,,Forest,,03/04/2016,1,673194.7689,3989748.185,190.7581
S12A,Upstream,0,,,road,Forest,,03/04/2016,1,673190.8905,3989752.88,191.552
S12A,Upstream,35,,,,Forest,,03/04/2016,1,673187.7569,3989756.37,190.2918
S12B,Upstream,14,,,,Forest,,03/04/2016,1,673185.1794,3989759.093,191.1569
S12B,Upstream,21,,,,Forest,,03/04/2016,1,673182.9928,3989760.271,191.1799
S12B,Upstream,0,,,,Forest,,03/04/2016,1,673179.5164,3989762.866,188.2744
S12B,Upstream,34,,,,Forest,,03/04/2016,1,673177.3124,3989764.931,191.4996
S12B,Upstream,26,,,,Forest,,03/04/2016,1,673175.8335,3989766.788,190.7306
S12B,Upstream,68,60,,weir,Forest,,03/04/2016,1,673169.0124,3989769.872,192.6687
S12B,Upstream,14,,,,Forest,,03/04/2016,1,673163.2175,3989771.2,191.7404
S12B,Upstream,17,,,,Forest,,03/04/2016,1,673160.2179,3989772.473,190.8856
S12B,Upstream,38,,,,Forest,,03/04/2016,1,673157.1171,3989774.298,192.2308
S12B,Upstream,44,20,,,Forest,,03/04/2016,1,673151.6805,3989775.744,192.3154
S12B,Upstream,19,,,,Forest,,03/04/2016,1,673148.9489,3989777.133,188.8589
S12B,Upstream,39,,,,Forest,,03/04/2016,1,673148.2416,3989781.003,190.7834
S12B,Upstream,13,,,,Forest,,03/04/2016,1,673148.0901,3989784.108,191.7345
S12B,Upstream,24,,,,Forest,,03/04/2016,1,673144.706,3989786.593,192.6433
S12B,Upstream,32,30,,,Forest,,03/04/2016,1,673137.0281,3989791.991,193.2658
S12B,Upstream,19,,,,Forest,,03/04/2016,1,673133.4529,3989795.027,191.7183
S12B,Upstream,11,,,,Forest,,03/04/2016,1,673131.1894,3989795.538,192.5739
S12B,Upstream,0,,,,Forest,,03/04/2016,1,673128.8401,3989795.824,193.8863
S12B,Upstream,21,,,,Forest,,03/04/2016,1,673125.8694,3989800.205,194.1225
S12B,Upstream,0,,,,Forest,,03/04/2016,1,673123.3731,3989803.374,193.8184
S12B,Upstream,16,,,,Forest,,03/04/2016,1,673117.5563,3989805.812,193.9049
S12B,Upstream,29,,,,Forest,,03/04/2016,1,673114.8843,3989808.755,194.5522
S12B,Upstream,32,,,,Forest,,03/04/2016,1,673113.6933,3989809.73,192.5744
S12B,Upstream,18,,,,Forest,,03/04/2016,1,673107.6634,3989813.829,195.9831
S12B,Upstream,0,,,,Forest,,03/04/2016,1,673105.9008,3989811.796,196.128
S12B,Upstream,23,,,,Forest,,03/04/2016,1,673104.1166,3989815.423,195.7023
S12B,Upstream,16,,,,Forest,,03/04/2016,1,673103.5366,3989817.409,195.9207
S12B,Upstream,6,,,,Forest,,03/04/2016,1,673102.0578,3989819.267,196.7144
S12B,Upstream,26,,,,Forest,,03/04/2016,1,673099.5134,3989824.877,193.9735
S12B,Upstream,11,,,,Forest,,03/04/2016,1,673099.5751,3989826.321,197.6412
S12B,Upstream,11,50,,,Forest,,03/04/2016,1,673095.2856,3989829.01,198.0634
S12B,Upstream,13,,,,Forest,,03/04/2016,1,673092.2116,3989834.055,198.4597
S12B,Upstream,10,,,,Forest,,03/04/2016,1,673088.988,3989837.542,197.2223
S12B,Upstream,16,,,,Forest,,03/04/2016,1,673086.1204,3989841.259,197.5115
S12B,Upstream,18,,,,Forest,,03/04/2016,1,673083.9077,3989843.768,199.0983
S12B,Upstream,14,,,,Forest,,03/04/2016,1,673078.7106,3989846.773,199.3609
S12B,Upstream,17,,,,Forest,,03/04/2016,1,673075.8672,3989849.269,199.8719
S12B,Upstream,17,,,,Forest,,03/04/2016,1,673073.6366,3989848.115,199.5537
S12B,Upstream,15,,,,Forest,,03/04/2016,1,673072.1618,3989845.201,197.9873
S12B,Upstream,8,,,,Forest,,03/04/2016,1,673070.1114,3989844.05,200.6478
S12B,Upstream,14,,,,Forest,,03/04/2016,1,673068.6172,3989846.684,200.155
S12B,Upstream,13,,,,Forest,,03/04/2016,1,673069.8961,3989845.822,200.4979
S12B,Upstream,22,,,,Forest,,03/04/2016,1,673064.0747,3989843.931,199.552
S12B,Upstream,15,,,,Forest,,03/04/2016,1,673060.4138,3989846.745,201.0897
S12B,Upstream,36,,,,Forest,,03/04/2016,1,673053.9684,3989849.059,201.0312
S12B,Upstream,0,,,,Forest,,03/04/2016,1,673049.6065,3989850.859,200.0651
S12B,Upstream,16,,,,Forest,,03/04/2016,1,673046.8487,3989853.579,201.2035
S12B,Upstream,0,,,,Forest,,03/04/2016,1,673046.1961,3989854.676,200.5349
S12B,Upstream,0,,,,Forest,,03/04/2016,1,673043.9305,3989855.297,201.3858
S12B,Upstream,10,50,,,Forest,,03/04/2016,1,673042.5571,3989856.38,202.4075
S12B,Upstream,14,,,,Forest,,03/04/2016,1,673037.2372,3989861.047,202.3916
S12B,Upstream,10,,,,Forest,,03/04/2016,1,673033.9279,3989864.311,203.3271
S12B,Upstream,14,,,,Forest,,03/04/2016,1,673026.52,3989865.164,204.202
S12B,Upstream,0,,,,Forest,,03/04/2016,1,673022.1033,3989869.738,203.9757
S12B,Upstream,27,,,,Forest,,03/04/2016,1,673017.4294,3989873.641,203.8927
S12B,Upstream,13,,,,Forest,,03/04/2016,1,673016.23,3989879.61,204.8572
S12B,Upstream,22,20,,,Forest,,03/04/2016,1,673013.7557,3989881.67,204.6178
S12B,Upstream,9,,,,Forest,,03/04/2016,1,673010.286,3989883.932,199.9605
S12B,Upstream,9,,,,Forest,,03/04/2016,1,673006.1085,3989885.514,200.9933
S12B,Upstream,7,,,,Forest,,03/04/2016,1,673005.5749,3989889.721,205.6113
S12B,Upstream,8,,,,Forest,,03/04/2016,1,673000.1408,3989895.606,206.165
S12B,Upstream,12,,,,Forest,,03/04/2016,1,673000.6224,3989898.612,205.892
S12B,Upstream,0,,,,Forest,,03/04/2016,1,673000.614,3989903.606,206.633
S13A,Upstream,47,,,,Forest,,03/04/2016,2,673280.8294,3989635.133,187.858
S13A,Upstream,23,,,,Forest,,03/04/2016,2,673280.346,3989636.788,185.9154
S13A,Upstream,34,,,,Forest,,03/04/2016,2,673275.9463,3989635.925,187.6964
S13A,Upstream,31,,,,Forest,,03/04/2016,2,673271.8345,3989634.179,187.5348
S13A,Upstream,42,,,,Forest,,03/04/2016,2,673267.9623,3989633.991,187.5706
S13A,Upstream,96,,,,Forest,,03/04/2016,2,673265.1516,3989634.824,187.3406
S13A,Upstream,9,,,,Forest,,03/04/2016,2,673262.3605,3989634.658,187.2832
S13A,Upstream,30,,,,Forest,,03/04/2016,2,673261.0465,3989637.295,187.08
S13A,Upstream,0,,,,Forest,,03/04/2016,2,673258.7633,3989638.804,176.0975
S13A,Upstream,26,,,,Forest,,03/04/2016,2,673252.7703,3989636.466,187.1779
S13A,Upstream,19,,,,Forest,,03/04/2016,2,673255.7414,3989636.635,186.8635
S13A,Upstream,11,,,,Forest,,03/04/2016,2,673253.7107,3989634.487,187.0654
S13A,Upstream,21,,,,Forest,,03/04/2016,2,673249.5262,3989631.852,187.3875
S13A,Upstream,45,,,,Forest,,03/04/2016,2,673247.7528,3989630.374,182.6151
S13A,Upstream,22,,,,Forest,,03/04/2016,2,673245.6935,3989629.667,187.5493
S13A,Upstream,31,,,,Forest,,03/04/2016,2,673241.7641,3989627.814,183.7119
S13A,Upstream,15,,,,Forest,,03/04/2016,2,673238.8082,3989626.868,183.4883
S13A,Upstream,20,,,,Forest,,03/04/2016,2,673237.2721,3989627.059,187.5815
S13A,Upstream,27,,,,Forest,,03/04/2016,2,673232.0485,3989631.395,187.8548
S13A,Upstream,22,,,,Forest,,03/04/2016,2,673224.4846,3989635.574,187.9384
S14A,Upstream,31,,,,Forest,,03/04/2016,1,673223.8517,3989635.673,188.6479
S14A,Upstream,34,,,,Forest,,03/04/2016,1,673220.986,3989634.728,183.3409
S14A,Upstream,15,,,,Forest,,03/04/2016,1,673218.628,3989635.458,186.7662
S14A,Upstream,0,,,,Forest,,03/04/2016,1,673213.5121,3989638.909,186.4859
S15A,Upstream,14,,,,Forest,,03/04/2016,2,673222.3619,3989638.085,185.2257
S15A,Upstream,23,,,,Forest,,03/04/2016,2,673228.4779,3989638.76,188.1404
S15A,Upstream,0,,,,Forest,,03/04/2016,2,673232.7678,3989640.621,184.774
S15A,Upstream,19,,,,Forest,,03/04/2016,2,673231.7547,3989641.711,188.3723
S15A,Upstream,16,,,,Forest,,03/04/2016,2,673228.8586,3989646.869,181.2635
S15A,Upstream,28,,,,Forest,,03/04/2016,2,673224.9294,3989649.566,181.5594
S15A,Upstream,28,,,,Forest,,03/04/2016,2,673222.3211,3989653.843,189.4042
S15A,Upstream,63,10,,,Forest,,03/04/2016,2,673217.5147,3989650.751,185.1637
S15A,Upstream,0,,,,Forest,,03/04/2016,2,673212.4646,3989650.874,182.2106
S15A,Upstream,48,30,,,Forest,,03/04/2016,2,673214.4624,3989654.686,189.7041
S15A,Upstream,0,,,,Forest,,03/04/2016,2,673217.5609,3989652.972,189.4544
S15A,Upstream,8,,,,Forest,,03/04/2016,2,673216.2031,3989657.828,189.8353
S15A,Upstream,16,,,,Forest,,03/04/2016,2,673213.0849,3989660.541,181.7927
S15A,Upstream,20,,,,Forest,,03/04/2016,2,673208.2391,3989659.446,185.9419
S15A,Upstream,20,,,,Forest,,03/04/2016,2,673205.8658,3989660.953,183.8947
S15A,Upstream,25,,,,Forest,,03/04/2016,2,673203.6639,3989662.907,190.4581
S15A,Upstream,37,,,,Forest,,03/04/2016,2,673199.2711,3989666.261,184.1175
S15A,Upstream,8,,,,Forest,,03/04/2016,2,673196.445,3989667.87,184.7696
S15A,Upstream,16,,,,Forest,,03/04/2016,2,673191.7181,3989669.885,190.8638
S15A,Upstream,22,,,,Forest,,03/04/2016,2,673186.78,3989668.9,191.6176
S15A,Upstream,12,,,,Forest,,03/04/2016,2,673178.1237,3989669.062,187.5375
S15A,Upstream,24,,,,Forest,,03/04/2016,2,673175.46,3989667.012,191.7983
S15A,Upstream,12,,,,Forest,,03/04/2016,2,673170.5616,3989668.58,190.195
S15A,Upstream,24,,,,Forest,,03/04/2016,2,673167.5795,3989668.965,188.2302
S15A,Upstream,16,,,,Forest,,03/04/2016,2,673167.4081,3989668.517,195.0463
S15A,Upstream,9,,,,Forest,,03/04/2016,2,673164.2195,3989670.23,184.8161
S15A,Upstream,15,,,,Forest,,03/04/2016,2,673161.6637,3989671.844,192.5987
S15A,Upstream,23,,,,Forest,,03/04/2016,2,673154.203,3989675.359,192.4422
S15A,Upstream,18,,,,Forest,,03/04/2016,2,673152.3441,3989678.208,193.5642
S15A,Upstream,8,,,,Forest,,03/04/2016,2,673150.7291,3989682.393,193.2368
S15A,Upstream,16,,,,Forest,,03/04/2016,2,673149.6107,3989684.258,193.6255
S15A,Upstream,22,,,,Forest,,03/04/2016,2,673144.6398,3989684.936,186.7579
S15A,Upstream,12,,,,Forest,,03/04/2016,2,673137.6209,3989688.904,184.4529
S15A,Upstream,0,,,road,Forest,,03/04/2016,2,673134.2768,3989698.493,196.4605
S15A,Upstream,16,,,,Forest,,03/04/2016,2,673133.5516,3989698.701,185.2724
S15A,Upstream,30,,,,Forest,,03/04/2016,2,673128.1061,3989700.591,195.031
S15A,Upstream,34,,,,Forest,,03/04/2016,2,673124.981,3989699.087,194.9673
S15A,Upstream,10,,,,Forest,,03/04/2016,2,673120.8622,3989693.123,195.9518
S15A,Upstream,17,,,,Forest,,03/04/2016,2,673114.4847,3989691.999,195.7626
S15A,Upstream,15,,,,Forest,,03/04/2016,2,673111.23,3989692.489,191.0137
S15A,Upstream,21,,,,Forest,,03/04/2016,2,673107.6438,3989696.081,195.5105
S15A,Upstream,10,,,,Forest,,03/04/2016,2,673103.8753,3989699.78,195.8142
S15A,Upstream,25,,,,Forest,,03/04/2016,2,673100.7745,3989701.605,195.4539
S15A,Upstream,68,,,weir,Forest,,03/04/2016,2,673093.3228,3989704.676,197.1696
S15A,Upstream,68,,,weir,Forest,,03/04/2016,2,673092.5009,3989705.215,197.8196
S15A,Upstream,15,,,,Forest,,03/04/2016,2,673088.3737,3989704.246,197.5368
S15A,Upstream,47,20,,,Forest,,03/04/2016,2,673084.5982,3989703.727,197.0308
S15A,Upstream,17,,,,Forest,,03/04/2016,2,673077.3021,3989703.472,202.4589
S15A,Upstream,32,,,,Forest,,03/04/2016,2,673075.2166,3989704.097,198.0078
S15A,Upstream,15,,,,Forest,,03/04/2016,2,673071.0964,3989707.345,198.1946
S15A,Upstream,20,,,,Forest,,03/04/2016,2,673067.2439,3989706.159,191.0122
S15A,Upstream,14,,,,Forest,,03/04/2016,2,673061.0557,3989709.145,192.2166
S15A,Upstream,12,,,,Forest,,03/04/2016,2,673059.9131,3989712.229,198.3508
S15A,Upstream,11,,,,Forest,,03/04/2016,2,673054.3867,3989718.224,198.6467
S15A,Upstream,15,,,,Forest,,03/04/2016,2,673048.7501,3989720.666,198.7308
S15A,Upstream,11,,,,Forest,,03/04/2016,2,673047.245,3989723.854,190.0849
S15A,Upstream,17,,,,Forest,,03/04/2016,2,673043.0649,3989720.997,199.3913
S15A,Upstream,27,,,,Forest,,03/04/2016,2,673041.3639,3989720.409,198.4746
S15A,Upstream,0,,,,Forest,,03/04/2016,2,673035.2461,3989724.394,199.6019
S15A,Upstream,22,,,,Forest,,03/04/2016,2,673030.8709,3989726.86,198.9911
S15A,Upstream,21,,,,Forest,,03/04/2016,2,673025.0471,3989725.081,199.1989
S15A,Upstream,2,,,,Forest,,03/04/2016,2,673020.1598,3989726.094,199.4636
S15A,Upstream,14,,,,Forest,,03/04/2016,2,673016.2963,3989725.463,199.4041
S15A,Upstream,20,,,,Forest,,03/04/2016,2,673014.5031,3989724.984,199.0943
S15A,Upstream,0,,,,Forest,,03/04/2016,2,673009.9189,3989724.339,199.5681
S15A,Upstream,13,,,,Forest,,03/04/2016,2,673008.9762,3989726.429,200.183
S15A,Upstream,12,,,,Forest,,03/04/2016,2,673007.1304,3989728.612,199.6664
S15A,Upstream,15,,,,Forest,,03/04/2016,2,673003.4323,3989733.311,200.3945
S15A,Upstream,7,,,,Forest,,03/04/2016,2,672999.0195,3989733.113,200.5488
S15A,Upstream,7,,,,Forest,,03/04/2016,2,672996.1891,3989734.944,200.1856
S15B,Upstream,7,,,,Forest,,03/04/2016,2,672992.3721,3989736.533,210.9659
S15B,Upstream,10,,,,Forest,,03/04/2016,2,672986.907,3989739.422,201.2199
S15B,Upstream,0,,,,Forest,,03/04/2016,2,672984.7252,3989744.927,197.6887
S15B,Upstream,0,,,,Forest,,03/04/2016,2,672983.1322,3989748.003,200.8089
S15B,Upstream,0,,,,Forest,,03/04/2016,2,672979.2032,3989750.7,202.1149
S15C,Upstream,0,,,,Forest,,03/04/2016,1,672976.5906,3989755.199,200.9969
S15C,Upstream,0,,,,Forest,,03/04/2016,1,672974.7908,3989755.052,203.4409
S15C,Upstream,0,,,,Forest,,03/04/2016,1,672972.4617,3989758.891,203.4652
S16A,Upstream,0,,,,Forest,,03/04/2016,1,673474.7325,3989716.318,184.7858
S16A,Upstream,0,,,,Forest,,03/04/2016,1,673471.5547,3989712.926,184.2144
S16A,Upstream,0,,,,Forest,,03/04/2016,1,673470.0912,3989714.007,181.2078
S16A,Upstream,0,,,,Forest,,03/04/2016,1,673469.645,3989713.776,184.5054
S16A,Upstream,0,,,,Forest,,03/04/2016,1,673470.6053,3989710.798,184.5168
S16A,Upstream,0,,,,Forest,,03/04/2016,1,673472.3281,3989705.727,184.6979
S16A,Upstream,0,,,,Forest,,03/04/2016,1,673472.8531,3989697.415,182.0883
S16A,Upstream,0,,,,Forest,,03/04/2016,1,673474.1055,3989693.333,185.5568
S16A,Upstream,0,,,,Forest,,03/04/2016,1,673473.4658,3989684.664,183.8521
S16A,Upstream,0,,,,Forest,,03/04/2016,1,673471.9711,3989678.198,185.985
S16A,Upstream,0,,,,Forest,,03/04/2016,1,673470.6854,3989674.843,186.3707
S16A,Upstream,0,,,,Forest,,03/04/2016,1,673469.6174,3989674.156,186.0318
S16A,Upstream,0,,,,Forest,,03/04/2016,1,673469.1711,3989669.375,185.9738
S16A,Upstream,0,,,,Forest,,03/04/2016,1,673469.2238,3989666.713,186.7864
S16A,Upstream,0,,,,Forest,,03/04/2016,1,673467.3733,3989664.568,185.0541
S16A,Upstream,0,,,,Forest,,03/04/2016,1,673467.305,3989658.906,185.8641
S16A,Upstream,0,,,,Forest,,03/04/2016,1,673469.92,3989654.297,184.7733
S16A,Upstream,0,,,,Forest,,03/04/2016,1,673470.6913,3989651.76,184.012
S16A,Upstream,47,,,,Forest,,03/04/2016,1,673473.8601,3989646.496,185.3456
S16A,Upstream,92,,,,Forest,,03/04/2016,1,673474.0863,3989639.619,181.3168
S16A,Upstream,87,,,,Forest,,03/04/2016,1,673478.5252,3989633.936,182.6737
S16A,Upstream,78,,,,Forest,,03/04/2016,1,673479.0504,3989630.173,183.782
S16A,Upstream,64,,,,Forest,,03/04/2016,1,673479.2635,3989628.513,185.9597
S16A,Upstream,69,,,,Forest,,03/04/2016,1,673483.4716,3989616.278,186.3937
S16A,Upstream,16,,,,Forest,,03/04/2016,1,673483.6561,3989611.509,186.4719
S16A,Upstream,35,,,,Forest,,03/04/2016,1,673482.6384,3989608.271,186.3355
S16A,Upstream,30,,,,Forest,,03/04/2016,1,673480.6842,3989593.139,186.6068
S16A,Upstream,27,,,,Forest,,03/04/2016,1,673480.9083,3989590.924,184.7408
S16A,Upstream,5,,,,Forest,,03/04/2016,1,673481.0225,3989589.705,184.1769
S16A,Upstream,20,,,,Forest,,03/04/2016,1,673481.7103,3989586.834,186.8971
S16A,Upstream,13,,,,Forest,,03/04/2016,1,673481.1454,3989583.493,186.8407
S16A,Upstream,48,,,,Forest,,03/04/2016,1,673481.044,3989574.946,186.5872
S16A,Upstream,23,,,,Forest,,03/04/2016,1,673482.7691,3989569.764,186.5756
S16A,Upstream,29,,,,Forest,,03/04/2016,1,673482.8701,3989569.211,187.4093
S16A,Upstream,32,,,,Forest,,03/04/2016,1,673484.5425,3989566.692,187.6067
S16A,Upstream,40,,,,Forest,,03/04/2016,1,673485.4894,3989559.83,187.3218
S16A,Upstream,39,,,,Forest,,03/04/2016,1,673487.1793,3989556.423,184.6674
S16A,Upstream,26,,,,Forest,,03/04/2016,1,673487.2891,3989555.426,187.8036
S16A,Upstream,22,,,,Forest,,03/04/2016,1,673484.8607,3989555.156,178.5442
S16A,Upstream,19,,,,Forest,,03/04/2016,1,673486.5132,3989549.085,187.2073
S16A,Upstream,17,,,,Forest,,03/04/2016,1,673485.0667,3989535.628,187.5425
S16A,Upstream,29,,,,Forest,,03/04/2016,1,673485.2051,3989533.189,187.7468
S16A,Upstream,15,,,,Forest,,03/04/2016,1,673486.2245,3989522.667,187.5942
S16A,Upstream,15,,,,Forest,,03/04/2016,1,673485.1914,3989515.655,188.8223
S16A,Upstream,20,,,,Forest,,03/04/2016,1,673484.4614,3989506.984,187.4138
S16A,Upstream,31,,,,Forest,,03/04/2016,1,673483.0745,3989499.632,187.809
S16A,Upstream,26,,,,Forest,,03/04/2016,1,673482.6895,3989487.195,184.0538
S16A,Upstream,13,,,,Forest,,03/04/2016,1,673482.5906,3989487.637,187.6049
S16A,Upstream,11,,,,Forest,,03/04/2016,1,673482.8697,3989487.198,186.3527
S16A,Upstream,0,,,,Forest,,03/04/2016,1,673485.5398,3989484.365,187.5928
S17A,Upstream,8,,,,Forest,,03/04/2016,1,673281.4659,3989580.101,184.5915
S17A,Upstream,7,,,,Forest,,03/04/2016,1,673281.8395,3989579.442,188.9605
S17A,Upstream,0,,,,Forest,,03/04/2016,1,673278.0902,3989577.593,188.9339
S17A,Upstream,3,,,,Forest,,03/04/2016,1,,,
S17A,Upstream,26,,,,Forest,,03/04/2016,1,,,
S17A,Upstream,0,,,,Forest,,03/04/2016,1,,,
S17A,Upstream,0,,,,Forest,,03/04/2016,1,,,
S17A,Upstream,0,,,,Forest,,03/04/2016,1,,,
S17A,Upstream,0,,,,Forest,,03/04/2016,1,,,
S17A,Upstream,0,,,,Forest,,03/04/2016,1,,,
S17A,Upstream,0,,,,Forest,,03/04/2016,1,,,
S17A,Upstream,0,,,,Forest,,03/04/2016,1,,,
S18A,Upstream,6,,,,Forest,,03/04/2016,0,,,
S18A,Upstream,0,,,,Forest,,03/04/2016,0,,,
S18A,Upstream,0,,,,Forest,,03/04/2016,0,,,
S18A,Upstream,0,,,,Forest,,03/04/2016,0,,,
S18A,Upstream,0,,,,Forest,,03/04/2016,0,,,
S19A,Upstream,8,,,,Forest,,03/04/2016,1,,,
S19A,Upstream,0,,,,Forest,,03/04/2016,1,,,
S19A,Upstream,0,,,,Forest,,03/04/2016,1,,,
S19A,Upstream,0,,,,Forest,,03/04/2016,1,,,
S19A,Upstream,5,,,,Forest,,03/04/2016,1,,,
S19A,Upstream,6,,,,Forest,,03/04/2016,1,,,
S19A,Upstream,0,,,,Forest,,03/04/2016,1,,,
S19A,Upstream,18,,,,Forest,,03/04/2016,1,,,
S19A,Upstream,17,,,,Forest,,03/04/2016,1,,,
S19A,Upstream,32,,,,Forest,,03/04/2016,1,,,
S19A,Upstream,10,,,,Forest,,03/04/2016,1,,,
S19A,Upstream,0,,,,Forest,,03/04/2016,1,,,
S19A,Upstream,6,,,,Forest,,03/04/2016,1,,,
S19A,Upstream,3,,,,Forest,,03/04/2016,1,,,
S19A,Upstream,16,,,,Forest,,03/04/2016,1,,,
S19A,Upstream,0,,,,Forest,,03/04/2016,1,,,
S19A,Upstream,0,,,,Forest,,03/04/2016,1,,,
S19A,Upstream,0,,,,Forest,,03/04/2016,1,,,
S19A,Upstream,0,,,,Forest,,03/04/2016,1,,,
S19A,Upstream,0,,,,Forest,,03/04/2016,1,,,
S19A,Upstream,6,,,,Forest,,03/04/2016,1,,,
S19A,Upstream,10,,,,Forest,,03/04/2016,1,,,
S19A,Upstream,0,,,,Forest,,03/04/2016,1,,,
S19A,Upstream,30,,,,Forest,,03/04/2016,1,,,
S19A,Upstream,24,,,,Forest,,03/04/2016,1,,,
S19A,Upstream,30,,,road,Forest,,03/04/2016,1,,,
S19A,Upstream,0,,,,Forest,,03/04/2016,1,,,
S19A,Upstream,0,,,,Forest,,03/04/2016,1,,,
S19A,Upstream,0,,,,Forest,,03/04/2016,1,,,
S19A,Upstream,13,,,,Forest,,03/04/2016,1,,,
S19A,Upstream,71,,,,Forest,,03/04/2016,1,,,
S19A,Upstream,31,20,,,Forest,,03/04/2016,1,,,
S19A,Upstream,107,90,,,Forest,,03/04/2016,1,,,
S20A,Upstream,7,,,,Forest,,03/04/2016,1,,,
S20A,Upstream,0,,,,Forest,,03/04/2016,1,,,
S20A,Upstream,0,,,,Forest,,03/04/2016,1,,,
S20A,Upstream,0,,,,Forest,,03/04/2016,1,,,
S20A,Upstream,0,,,,Forest,,03/04/2016,1,,,
S20A,Upstream,0,,,,Forest,,03/04/2016,1,,,
S21A,Upstream,0,,,,Forest,,03/04/2016,0,,,
S21A,Upstream,0,,,,Forest,,03/04/2016,0,,,
S21A,Upstream,0,,,,Forest,,03/04/2016,0,,,
S21A,Upstream,0,,,,Forest,,03/04/2016,0,,,
S21A,Upstream,0,,,,Forest,,03/04/2016,0,,,
S21A,Upstream,0,,,,Forest,,03/04/2016,0,,,
S21A,Upstream,0,,,,Forest,,03/04/2016,0,,,
S21A,Upstream,0,,,,Forest,,03/04/2016,0,,,
S21A,Upstream,0,,,,Forest,,03/04/2016,0,,,
S21A,Upstream,0,,,,Forest,,03/04/2016,0,,,
S21A,Upstream,0,,,,Forest,,03/04/2016,0,,,
S21A,Upstream,0,,,,Forest,,03/04/2016,0,,,
S22A,Upstream,0,,,,Forest,,03/04/2016,1,,,
S22A,Upstream,0,,,,Forest,,03/04/2016,1,,,
S22A,Upstream,0,,,,Forest,,03/04/2016,1,,,
S22A,Upstream,0,,,,Forest,,03/04/2016,1,,,
S22A,Upstream,11,,,,Forest,,03/04/2016,1,,,
S22A,Upstream,0,,,,Forest,,03/04/2016,1,,,
S22A,Upstream,0,,,,Forest,,03/04/2016,1,,,
S23A,Upstream,0,,,,Forest,,03/04/2016,1,,,
S23A,Upstream,4,,,,Forest,,03/04/2016,1,,,
S23A,Upstream,0,,,,Forest,,03/04/2016,1,,,
S23A,Upstream,0,,,,Forest,,03/04/2016,1,,,
S23A,Upstream,4,,,,Forest,,03/04/2016,1,,,
S23A,Upstream,13,,,,Forest,,03/04/2016,1,,,
S23A,Upstream,0,,,,Forest,,03/04/2016,1,,,
S23A,Upstream,0,,,,Forest,,03/04/2016,1,,,
S23A,Upstream,0,,,,Forest,,03/04/2016,1,,,
S23A,Upstream,0,,,,Forest,,03/04/2016,1,,,
S23A,Upstream,0,,,,Forest,,03/04/2016,1,,,
S24A,Upstream,0,,,,Forest,,03/04/2016,1,,,
S24A,Upstream,129,75,,,Forest,,03/04/2016,1,,,
S24A,Upstream,14.5,5,,,Forest,,03/04/2016,1,,,
S24A,Upstream,10,,,,Forest,,03/04/2016,1,,,
S24A,Upstream,0,,,,Forest,,03/04/2016,1,,,
S24A,Upstream,0,,,,Forest,,03/04/2016,1,,,
S24A,Upstream,0,,,,Forest,,03/04/2016,1,,,
S24A,Upstream,0,,,,Forest,,03/04/2016,1,,,
S24A,Upstream,0,,,,Forest,,03/04/2016,1,,,
S24A,Upstream,0,,,,Forest,,03/04/2016,1,,,
S24A,Upstream,0,,,,Forest,,03/04/2016,1,,,
S24A,Upstream,0,,,,Forest,,03/04/2016,1,,,
S24A,Upstream,0,,,,Forest,,03/04/2016,1,,,
S24A,Upstream,0,,,,Forest,,03/04/2016,1,,,
S24A,Upstream,0,,,,Forest,,03/04/2016,1,,,
