caribou_field_dat.csv,,,,,,,,,,,,,,
George Allen,,,,,,,,,,,,,,
"June, 2015",,,,,,,,,,,,,,
,,,,,,,,,,,,,,
This table is field data collected in the Caribou Creek Watershed in the Caribou Poker Creek Research Watershed North of Fairbanks,,,,,,,,,,,,,,
This data set was created by George Allen and Dr David Butman by pacing along streams and taking wetted stream width measurements every 5 meters with a tape measure,,,,,,,,,,,,,,
This data was collected to determine the distribution of stream widths in headwater catchments.,,,,,,,,,,,,,,
,,,,,,,,,,,,,,
,,,,,,,,,,,,,,
columns:,,,,,,,,,,,,,,
stream_segment_ID,Internal and external stream segments usually seperated by nodes. Order is arbitrary,,,,,,,,,,,,,
direction,We either paced upstream or downstream,,,,,,,,,,,,,
flowing_width,Raw width measurements taken in inches,,,,,,,,,,,,,
percent_nonflow,"Estimated percentage of the streams that were not flowing due to sandbars, rocks, vegetation, or other material at the surface of the stream",,,,,,,,,,,,,
code,Attributes of stream or measurement ,,,,,,,,,,,,,
,B,bushes,,,,,,,,,,,,
,DM,divine measurement - width visually estimated (only done a few times in Konza where poison ivy was too dense to measure),,,,,,,,,,,,
,G,tall grass,,,,,,,,,,,,
,MC,multiple channels seperated by vegetation,,,,,,,,,,,,
,RF,width measured by laser range finder (in meters),,,,,,,,,,,,
,SC,Stream covered by snow,,,,,,,,,,,,
notes,misc notes,,,,,,,,,,,,,
environment,where the stream is located,,,,,,,,,,,,,
measurer_name,name of person pacing and taking width measurements,,,,,,,,,,,,,
date,date,,,,,,,,,,,,,
stream_order,strahler stream order (no 0 order streams),,,,,,,,,,,,,
UTM_X,UTM zone 6N easting (locations are approximate),,,,,,,,,,,,,
UTM_Y,UTM zone 6N northing (locations are approximate),,,,,,,,,,,,,
elev_m,approximate elevations in meters,,,,,,,,,,,,,
acc_area_m2,approximate upstream accumulation area in square meters,,,,,,,,,,,,,
slope,approximate slope (unitless),,,,,,,,,,,,,
,,,,,,,,,,,,,,
,,,,,,,,,,,,,,
,,,,,,,,,,,,,,
Pacing 100 ft streamwise length:,,,,,,,,,,,,,,
Pacer,direction,paces_run1,paces_run2,paces_run3,paces_run4,paces_run5,paces_run6,,,,,,,
George,Upstream,48,45,44,48,45,44,,,,,,,
George,Downstream,45,41,47,45,41,47,,,,,,,
,,,,,,,,,,,,,,
,,,,,,,,,,,,,,
,,,,,,,,,,,,,,
,,,,,,,,,,,,,,
,,,,,,,,,,,,,,
,,,,,,,,,,,,,,
,,,,,,,,,,,,,,
,,,,,,,,,,,,,,
,,,,,,,,,,,,,,
,,,,,,,,,,,,,,
,,,,,,,,,,,,,,
stream_segment_ID,direction,flowing_width,percent_nonflow,code,notes,environment,measurer_name,date,stream_order,UTM_X,UTM_Y,elev_m,acc_area_m2,slope
S1,Downstream,3,,,Stream head was in a moose trail which might have slightly biased the width.,Shrublands,George,6/20/2015,1,469534.873425,7224878.87591,431,3700,-0.0847009547
S1,Downstream,6,,,,Shrublands,George,6/20/2015,1,469538.435287,7224881.59026,428,3925,-0.0847009547
S1,Downstream,4,,,,Shrublands,George,6/20/2015,1,469542.218165,7224883.75932,428,4150,-0.0847009547
S1,Downstream,0,,,,Shrublands,George,6/20/2015,1,469544.031972,7224885.92623,427,4150,-0.0847009547
S1,Downstream,0,,,,Shrublands,George,6/20/2015,1,469545.371655,7224891.24558,425,4150,-0.0847009547
S1,Downstream,0,,,,Shrublands,George,6/20/2015,1,469549.712378,7224893.22411,424,4175,-0.0847009547
S1,Downstream,0,,,,Shrublands,George,6/20/2015,1,469552.668774,7224896.97602,423,8550,-0.0847009547
S1,Downstream,0,,,,Shrublands,George,6/20/2015,1,469557.408403,7224897.37791,426,8550,-0.0847009547
S1,Downstream,0,,,,Shrublands,George,6/20/2015,1,469560.880884,7224900.30308,424,546750,-0.0847009547
S1,Downstream,0,,,,Shrublands,George,6/20/2015,1,469565.027177,7224902.08558,428,546750,-0.0847009547
S1,Downstream,0,,,,Shrublands,George,6/20/2015,1,469568.421246,7224904.97177,427,546975,-0.0847009547
S1,Downstream,0,,,,Shrublands,George,6/20/2015,1,469570.906146,7224908.09346,427,546975,-0.0847009547
S1,Downstream,0,,,,Shrublands,George,6/20/2015,1,469576.558402,7224908.26119,429,548675,-0.0847009547
S1,Downstream,0,,,,Shrublands,George,6/20/2015,1,469581.063289,7224907.88912,429,548675,-0.0847009547
S1,Downstream,0,,,,Shrublands,George,6/20/2015,1,469584.739421,7224911.0785,428,653325,-0.0847009547
S1,Downstream,0,,,,Shrublands,George,6/20/2015,1,469587.978583,7224913.68989,427,653725,-0.0847009547
S1,Downstream,0,,,,Shrublands,George,6/20/2015,1,469589.795007,7224916.1807,426,653725,-0.0847009547
S1,Downstream,7,,,,Shrublands,George,6/20/2015,1,469595.414034,7224917.14729,426,654400,-0.0847009547
S1,Downstream,15,,,,Shrublands,George,6/20/2015,1,469599.903364,7224917.51326,426,654425,-0.0847009547
S1,Downstream,7,,,,Shrublands,George,6/20/2015,1,469603.857507,7224920.4342,425,654450,-0.0847009547
S1,Downstream,3,,,,Shrublands,George,6/20/2015,1,469607.632995,7224922.47323,425,654475,-0.0847009547
S1,Downstream,8,,,,Shrublands,George,6/20/2015,1,469609.788889,7224926.8899,424,654475,-0.0847009547
S2,Upstream,12,,,,Shrublands,George,6/20/2015,1,469606.653175,7224927.54535,424,1725,0.0285068106
S2,Upstream,0,,,,Shrublands,George,6/20/2015,1,469600.892993,7224927.75684,424,1275,0.0285068106
S2,Upstream,6,,,,Shrublands,George,6/20/2015,1,469597.247949,7224925.51317,424,1275,0.0285068106
S2,Upstream,12,,,,Shrublands,George,6/20/2015,1,469592.480585,7224926.33341,424,725,0.0285068106
S2,Upstream,5,,,,Shrublands,George,6/20/2015,1,469589.311321,7224926.67191,424,500,0.0285068106
S2,Upstream,0,,,,Shrublands,George,6/20/2015,1,469582.533101,7224924.86135,425,500,0.0285068106
S3,Downstream,26,,,,Shrublands,George,6/20/2015,2,469653.865941,7224944.89442,424,658250,0.0067896431
S3,Downstream,0,,,,Shrublands,George,6/20/2015,2,469653.792427,7224943.88559,424,658250,0.0067896431
S3,Downstream,15,,,,Shrublands,George,6/20/2015,2,469652.751864,7224943.50894,424,658250,0.0067896431
S3,Downstream,11,,,,Shrublands,George,6/20/2015,2,469652.005149,7224942.62549,424,658250,0.0067896431
S3,Downstream,5,,,,Shrublands,George,6/20/2015,2,469651.670413,7224941.48571,424,658250,0.0067896431
S3,Downstream,8,,,,Shrublands,George,6/20/2015,2,469651.040373,7224940.85262,423,658225,0.0067896431
S3,Downstream,9,,,,Shrublands,George,6/20/2015,2,469649.856741,7224940.60216,423,658225,0.0067896431
S3,Downstream,6,,,,Shrublands,George,6/20/2015,2,469648.659954,7224940.60584,423,658225,0.0067896431
S3,Downstream,9,,,,Shrublands,George,6/20/2015,2,469647.609798,7224940.35502,423,658225,0.0067896431
S3,Downstream,18,,,,Shrublands,George,6/20/2015,2,469646.744569,7224939.41739,423,658225,0.0067896431
S3,Downstream,4,,,,Shrublands,George,6/20/2015,2,469645.677204,7224938.58137,424,658200,0.0067896431
S3,Downstream,4,,,,Shrublands,George,6/20/2015,2,469645.1701,7224938.72243,424,658200,0.0067896431
S3,Downstream,16,10,,,Shrublands,George,6/20/2015,2,469644.177307,7224939.14444,423,658200,0.0067896431
S3,Downstream,9,,,,Shrublands,George,6/20/2015,2,469642.942011,7224940.87723,423,658200,0.0067896431
S3,Downstream,5,10,,,Shrublands,George,6/20/2015,2,469642.406637,7224941.00565,423,658200,0.0067896431
S3,Downstream,10,,,,Shrublands,George,6/20/2015,2,469641.204613,7224941.2624,423,658200,0.0067896431
S3,Downstream,2,50,,,Shrublands,George,6/20/2015,2,469640.41135,7224941.26474,422,658150,0.0067896431
S3,Downstream,24,,,,Shrublands,George,6/20/2015,2,469639.650163,7224940.50717,422,658150,0.0067896431
S3,Downstream,9,,,,Shrublands,George,6/20/2015,2,469638.679927,7224939.57954,422,658150,0.0067896431
S3,Downstream,12,,,,Shrublands,George,6/20/2015,2,469637.319543,7224939.30358,422,658150,0.0067896431
S3,Downstream,9,,,,Shrublands,George,6/20/2015,2,469636.659615,7224939.30545,422,658150,0.0067896431
S3,Downstream,11,,,Start GPS track,Shrublands,George,6/20/2015,2,469635.1905,7224939.17004,422,658075,0.0067896431
S3,Downstream,7,,,,Shrublands,George,6/20/2015,2,469634.854145,7224938.61409,424,658075,0.0067896431
S3,Downstream,5,,,,Shrublands,George,6/20/2015,2,469634.691102,7224937.36855,424,658075,0.0067896431
S3,Downstream,17,,,,Shrublands,George,6/20/2015,2,469634.173354,7224936.40764,424,658075,0.0067896431
S3,Downstream,6,,,,Shrublands,George,6/20/2015,2,469632.005522,7224936.82744,424,658075,0.0067896431
S3,Downstream,9,,,,Shrublands,George,6/20/2015,2,469631.433489,7224936.41801,424,658075,0.0067896431
S3,Downstream,13,,,,Shrublands,George,6/20/2015,2,469630.74928,7224936.14683,424,657975,0.0067896431
S3,Downstream,7,,,,Shrublands,George,6/20/2015,2,469629.255283,7224935.60688,424,657975,0.0067896431
S3,Downstream,9,,,,Shrublands,George,6/20/2015,2,469628.705176,7224935.33688,424,657975,0.0067896431
S3,Downstream,7,,,,Shrublands,George,6/20/2015,2,469627.279298,7224935.34282,424,657975,0.0067896431
S3,Downstream,4,20,,,Shrublands,George,6/20/2015,2,469626.631665,7224935.34545,424,657975,0.0067896431
S3,Downstream,6,,,,Shrublands,George,6/20/2015,2,469626.042364,7224934.67004,423,657975,0.0067896431
S3,Downstream,13,,,,Shrublands,George,6/20/2015,2,469625.542612,7224933.5937,424,657275,0.0067896431
S3,Downstream,11,,,,Shrublands,George,6/20/2015,2,469624.445615,7224932.92851,424,657275,0.0067896431
S3,Downstream,0,,,,Shrublands,George,6/20/2015,2,469623.162507,7224932.93488,424,657275,0.0067896431
S3,Downstream,1,,,,Shrublands,George,6/20/2015,2,469621.892917,7224933.07485,424,657275,0.0067896431
S3,Downstream,5,,,,Shrublands,George,6/20/2015,2,469621.252043,7224933.07797,424,657275,0.0067896431
S3,Downstream,7,,,,Shrublands,George,6/20/2015,2,469620.192097,7224932.68258,424,656875,0.0067896431
S3,Downstream,14,,,,Shrublands,George,6/20/2015,2,469619.588997,7224931.62235,424,656875,0.0067896431
S3,Downstream,8,,,,Shrublands,George,6/20/2015,2,469618.504116,7224930.83555,424,656875,0.0067896431
S3,Downstream,17,,,,Shrublands,George,6/20/2015,2,469616.970259,7224930.71253,424,656875,0.0067896431
S3,Downstream,6,,,,Shrublands,George,6/20/2015,2,469616.326164,7224930.58472,424,656875,0.0067896431
S3,Downstream,3,50,,,Shrublands,George,6/20/2015,2,469615.264686,7224929.935,423,656250,0.0067896431
S3,Downstream,9,,,,Shrublands,George,6/20/2015,2,469614.974133,7224929.41402,423,656250,0.0067896431
S3,Downstream,9,,,,Shrublands,George,6/20/2015,2,469613.063712,7224929.1639,423,656250,0.0067896431
S3,Downstream,19,,,,Shrublands,George,6/20/2015,2,469612.433578,7224929.16713,423,656250,0.0067896431
S3,Downstream,0,,,,Shrublands,George,6/20/2015,2,469611.39394,7224928.65306,425,656250,0.0067896431
S3,Downstream,7,,,S4 and S5 subsumed into S3,Shrublands,George,6/20/2015,2,469610.468732,7224927.88224,424,654475,0.0067896431
S6,Upstream,9,,,,Shrublands,George,6/20/2015,2,469641.69606,7224946.40602,422,658200,0.2132317537
S6,Upstream,5,,,,Shrublands,George,6/20/2015,2,469647.237088,7224945.90651,423,658225,0.2132317537
S6,Upstream,0,,,,Shrublands,George,6/20/2015,2,469651.289996,7224945.8604,424,658250,0.2132317537
S7,Upstream,0,,,,Shrublands,George,6/20/2015,2,469628.037755,7224944.52191,421,657975,0.0983820645
S7,Upstream,14,,,,Shrublands,George,6/20/2015,2,469632.824047,7224946.23084,422,658075,0.0983820645
S7,Upstream,0,,,,Shrublands,George,6/20/2015,2,469637.357361,7224945.59452,422,658150,0.0983820645
S8,Upstream,0,,,,Shrublands,George,6/20/2015,1,469626.195873,7224942.63532,422,657975,-0.0238785507
S8,Upstream,16,,,,Shrublands,George,6/20/2015,1,469625.824947,7224940.89471,421,657975,-0.0238785507
S8,Upstream,4,,,,Shrublands,George,6/20/2015,1,469622.917362,7224938.49521,423,657975,-0.0238785507
S8,Upstream,5,,,,Shrublands,George,6/20/2015,1,469620.856414,7224938.63093,422,656875,-0.0238785507
S8,Upstream,8,,,,Shrublands,George,6/20/2015,1,469617.508947,7224939.5877,421,656875,-0.0238785507
S8,Upstream,10,,,,Shrublands,George,6/20/2015,1,469614.598415,7224940.31607,421,656250,-0.0238785507
S8,Upstream,9,,,,Shrublands,George,6/20/2015,1,469612.366486,7224938.03136,422,656250,-0.0238785507
S8,Upstream,11,,,,Shrublands,George,6/20/2015,1,469610.800371,7224941.27724,421,654475,-0.0238785507
S8,Upstream,18,,,,Shrublands,George,6/20/2015,1,469609.910087,7224943.43371,421,654475,-0.0238785507
S8,Upstream,0,,,,Shrublands,George,6/20/2015,1,469609.752723,7224946.54934,421,654475,-0.0238785507
S8,Upstream,9,,,,Shrublands,George,6/20/2015,1,469607.938224,7224944.86422,421,654475,-0.0238785507
S8,Upstream,10,,,,Shrublands,George,6/20/2015,1,469604.807788,7224945.47916,422,654450,-0.0238785507
S8,Upstream,0,,,,Shrublands,George,6/20/2015,1,469603.100656,7224944.3664,422,654450,-0.0238785507
S8,Upstream,6,,,,Shrublands,George,6/20/2015,1,469604.430882,7224941.8367,422,654450,-0.0238785507
S8,Upstream,11,,,,Shrublands,George,6/20/2015,1,469601.279667,7224943.69428,422,654450,-0.0238785507
S8,Upstream,14,20,,,Shrublands,George,6/20/2015,1,469597.997197,7224942.3468,422,654425,-0.0238785507
S8,Upstream,11,,,,Shrublands,George,6/20/2015,1,469595.874739,7224939.94941,422,654400,-0.0238785507
S8,Upstream,8,,,,Shrublands,George,6/20/2015,1,469594.268681,7224941.77909,422,654400,-0.0238785507
S8,Upstream,9,,,,Shrublands,George,6/20/2015,1,469590.986462,7224940.89048,422,654375,-0.0238785507
S8,Upstream,4,,,,Shrublands,George,6/20/2015,1,469587.606301,7224941.58536,422,654375,-0.0238785507
S9,Upstream,12,,,,Shrublands,George,6/20/2015,2,469621.483712,7224945.9497,420,657975,0
S9,Upstream,0,,,,Shrublands,George,6/20/2015,2,469625.601979,7224948.01388,420,657975,0
S10,Upstream,9,,,,Shrublands,George,6/20/2015,2,469617.742842,7224949.28298,419,650,0.1035632859
S10,Upstream,10,,,,Shrublands,George,6/20/2015,2,469615.250152,7224951.41365,420,625,0.1035632859
S10,Upstream,12,,,,Shrublands,George,6/20/2015,2,469611.580826,7224952.28423,420,625,0.1035632859
S10,Upstream,8,,,,Shrublands,George,6/20/2015,2,469608.683669,7224953.54668,421,600,0.1035632859
S10,Upstream,15,,,,Shrublands,George,6/20/2015,2,469603.420306,7224955.52568,421,575,0.1035632859
S10,Upstream,9,10,,,Shrublands,George,6/20/2015,2,469600.084207,7224955.13873,421,550,0.1035632859
S10,Upstream,2,,,,Shrublands,George,6/20/2015,2,469595.905515,7224955.29822,421,525,0.1035632859
S11,Upstream,0,,,,Shrublands,George,6/20/2015,1,469619.127315,7224943.99394,421,650,-0.1767846016
S11,Upstream,0,,,,Shrublands,George,6/20/2015,1,469616.658958,7224945.3747,420,650,-0.1767846016
S11,Upstream,16,,,,Shrublands,George,6/20/2015,1,469612.785008,7224945.78951,420,625,-0.1767846016
S12,Upstream,39,,,,Shrublands,George,6/20/2015,1,469608.451087,7224958.35856,421,625,0.0153092343
S12,Upstream,10,,,,Shrublands,George,6/20/2015,1,469611.72301,7224956.41371,420,625,0.0153092343
S12,Upstream,6,,,,Shrublands,George,6/20/2015,1,469615.70202,7224954.81203,420,625,0.0153092343
S12,Upstream,0,,,,Shrublands,George,6/20/2015,1,469619.611599,7224955.14652,419,650,0.0153092343
S12,Upstream,10,,,,Shrublands,George,6/20/2015,1,469620.515523,7224951.20604,419,650,0.0153092343
S12,Upstream,9,,,,Shrublands,George,6/20/2015,1,469625.746741,7224950.95175,419,675,0.0153092343
S12,Upstream,5,,,,Shrublands,George,6/20/2015,1,469629.989632,7224950.58946,421,700,0.0153092343
S12,Upstream,10,,,,Shrublands,George,6/20/2015,1,469633.180941,7224949.29281,421,725,0.0153092343
S12,Upstream,0,,,,Shrublands,George,6/20/2015,1,469638.944994,7224948.18656,422,750,0.0153092343
S13,Upstream,13,,,,Shrublands,George,6/20/2015,1,469592.736519,7224954.87891,421,525,0
S13,Upstream,0,,,,Shrublands,George,6/20/2015,1,469589.327941,7224953.79633,421,500,0
S13,Upstream,16,,,,Shrublands,George,6/20/2015,1,469585.515094,7224953.09018,421,475,0
S13,Upstream,18,,,,Shrublands,George,6/20/2015,1,469582.34052,7224951.68989,421,475,0
S13,Upstream,14,,,,Shrublands,George,6/20/2015,1,469580.732722,7224947.91574,421,450,0
S13,Upstream,0,,,,Shrublands,George,6/20/2015,1,469576.934184,7224946.69507,421,450,0
S13,Upstream,5,,,,Shrublands,George,6/20/2015,1,469575.440353,7224943.16351,421,425,0
S14,Upstream,20,,,,Shrublands,George,6/20/2015,2,469592.197998,7224956.68258,421,466125,0.035925696
S14,Upstream,19,,,,Shrublands,George,6/20/2015,2,469587.616002,7224957.19787,421,466125,0.035925696
S14,Upstream,10,,,,Shrublands,George,6/20/2015,2,469583.311315,7224957.30963,421,466125,0.035925696
S14,Upstream,0,,,,Shrublands,George,6/20/2015,2,469579.903089,7224955.35746,421,466125,0.035925696
S14,Upstream,7,,,,Shrublands,George,6/20/2015,2,469575.058169,7224954.2891,421,455850,0.035925696
S14,Upstream,11,,,,Shrublands,George,6/20/2015,2,469571.304753,7224954.17274,421,455850,0.035925696
S14,Upstream,14,,,,Shrublands,George,6/20/2015,2,469567.564284,7224956.37947,422,455750,0.035925696
S14,Upstream,22,30,,,Shrublands,George,6/20/2015,2,469563.317933,7224955.68739,423,455625,0.035925696
S14,Upstream,9,,,,Shrublands,George,6/20/2015,2,469559.530347,7224958.63881,423,455500,0.035925696
S14,Upstream,6,,,,Shrublands,George,6/20/2015,2,469556.622562,7224961.10026,423,455500,0.035925696
S14,Upstream,17,,,,Shrublands,George,6/20/2015,2,469553.856514,7224964.36877,424,455375,0.035925696
S14,Upstream,13,,,,Shrublands,George,6/20/2015,2,469551.32325,7224961.02011,424,455375,0.035925696
S14,Upstream,7,50,,Start orig S15. Combined S14 and S15 bc error in the placement of S12,Shrublands,George,6/20/2015,2,469546.760198,7224960.14283,425,455300,0.035925696
S14,Upstream,2,,,,Shrublands,George,6/20/2015,2,469541.334461,7224960.19707,425,455300,0.035925696
S14,Upstream,14,,,,Shrublands,George,6/20/2015,2,469537.580991,7224962.12199,426,455300,0.035925696
S14,Upstream,20,,,,Shrublands,George,6/20/2015,2,469534.064813,7224963.03633,426,455300,0.035925696
S14,Upstream,0,,,,Shrublands,George,6/20/2015,2,469534.305528,7224967.52849,425,455300,0.035925696
S14,Upstream,21,10,,,Shrublands,George,6/20/2015,2,469530.963072,7224970.20174,424,454125,0.035925696
S14,Upstream,0,,,,Shrublands,George,6/20/2015,2,469526.794862,7224969.26303,424,454125,0.035925696
S14,Upstream,0,,,,Shrublands,George,6/20/2015,2,469525.382255,7224971.74646,425,454050,0.035925696
S14,Upstream,6,,,,Shrublands,George,6/20/2015,2,469525.040667,7224974.81695,423,454050,0.035925696
S14,Upstream,16,,,,Shrublands,George,6/20/2015,2,469519.612382,7224974.95831,423,454050,0.035925696
S14,Upstream,22,10,,,Shrublands,George,6/20/2015,2,469518.55737,7224979.3568,422,454050,0.035925696
S14,Upstream,13,,,,Shrublands,George,6/20/2015,2,469515.319032,7224981.66287,423,454050,0.035925696
S14,Upstream,12,,,,Shrublands,George,6/20/2015,2,469514.521448,7224985.2716,422,454050,0.035925696
S14,Upstream,7,,,,Shrublands,George,6/20/2015,2,469510.548599,7224982.81195,424,454050,0.035925696
S14,Upstream,8,,,,Shrublands,George,6/20/2015,2,469507.08859,7224985.17894,423,454050,0.035925696
S14,Upstream,12,,,,Shrublands,George,6/20/2015,2,469503.997688,7224988.44704,424,453850,0.035925696
S14,Upstream,13,,,,Shrublands,George,6/20/2015,2,469501.101695,7224992.02333,424,453850,0.035925696
S14,Upstream,15,,,,Shrublands,George,6/20/2015,2,469498.842741,7224994.0272,424,440175,0.035925696
S14,Upstream,8,,,,Shrublands,George,6/20/2015,2,469495.407532,7224994.77023,424,438800,0.035925696
S14,Upstream,12,,,,Shrublands,George,6/20/2015,2,469491.898122,7224994.52941,424,438800,0.035925696
S14,Upstream,10,,,,Shrublands,George,6/20/2015,2,469488.347152,7224997.27854,424,438775,0.035925696
S14,Upstream,10,,,,Shrublands,George,6/20/2015,2,469484.337168,7224999.70828,425,438750,0.035925696
S14,Upstream,18,,,,Shrublands,George,6/20/2015,2,469481.492741,7225003.60194,425,438750,0.035925696
S14,Upstream,7,,,,Shrublands,George,6/20/2015,2,469477.4034,7225005.76624,425,438750,0.035925696
S14,Upstream,7,,,,Shrublands,George,6/20/2015,2,469474.356123,7225009.20279,426,438750,0.035925696
S14,Upstream,24,,,,Shrublands,George,6/20/2015,2,469472.710674,7225012.39595,426,425625,0.035925696
S14,Upstream,6,,,,Shrublands,George,6/20/2015,2,469468.79091,7225013.31543,426,425625,0.035925696
S14,Upstream,0,,,,Shrublands,George,6/20/2015,2,469465.139678,7225015.99752,426,425625,0.035925696
S14,Upstream,10,,,,Shrublands,George,6/20/2015,2,469463.544678,7225020.01105,426,422275,0.035925696
S14,Upstream,12,,,,Shrublands,George,6/20/2015,2,469461.152475,7225022.91935,426,422275,0.035925696
S14,Upstream,10,,,,Shrublands,George,6/20/2015,2,469457.623024,7225026.38452,427,422175,0.035925696
S14,Upstream,13,,,,Shrublands,George,6/20/2015,2,469457.145825,7225030.95028,427,422175,0.035925696
S14,Upstream,17,20,,,Shrublands,George,6/20/2015,2,469453.531801,7225030.33475,428,422175,0.035925696
S14,Upstream,5,,MC,,Shrublands,George,6/20/2015,2,469452.389992,7225034.36401,428,422150,0.035925696
S14,Upstream,13,2,MC,,Shrublands,George,6/20/2015,2,469449.724353,7225037.73267,428,422150,0.035925696
S14,Upstream,5,40,,,Shrublands,George,6/20/2015,2,469447.686659,7225040.55128,429,422000,0.035925696
S14,Upstream,5,,,,Shrublands,George,6/20/2015,2,469444.063175,7225043.76309,429,421775,0.035925696
S14,Upstream,7,,,,Shrublands,George,6/20/2015,2,469441.60955,7225047.42805,429,421500,0.035925696
S16,Upstream,10,,,,Shrublands,George,6/20/2015,1,469438.604477,7225050.64229,430,421500,0.0472303431
S16,Upstream,4,,,,Shrublands,George,6/20/2015,1,469435.369274,7225053.5748,431,421350,0.0472303431
S16,Upstream,7,,,,Shrublands,George,6/20/2015,1,469432.296727,7225055.39898,431,418950,0.0472303431
S16,Upstream,4,,,,Shrublands,George,6/20/2015,1,469432.423203,7225059.85909,430,418950,0.0472303431
S16,Upstream,6,,,,Shrublands,George,6/20/2015,1,469429.457795,7225063.00639,431,418325,0.0472303431
S16,Upstream,7,,,,Shrublands,George,6/20/2015,1,469424.558663,7225064.21179,431,418325,0.0472303431
S18,Upstream,8,,S17 combined with S24,,Shrublands,George,6/20/2015,1,469368.238192,7225147.18426,444,4600,0.0939523427
S18,Upstream,3,,,,Shrublands,George,6/20/2015,1,469366.401753,7225149.79465,445,4600,0.0939523427
S18,Upstream,14,10,,,Shrublands,George,6/20/2015,1,469365.563943,7225152.21726,445,4600,0.0939523427
S18,Upstream,0,,,,Shrublands,George,6/20/2015,1,469361.892575,7225153.78901,446,4575,0.0939523427
S18,Upstream,0,,,,Shrublands,George,6/20/2015,1,469357.961315,7225154.27887,446,4575,0.0939523427
S18,Upstream,34,30,,,Shrublands,George,6/20/2015,1,469354.628773,7225155.27345,446,4575,0.0939523427
S18,Upstream,8,40,,,Shrublands,George,6/20/2015,1,469352.950027,7225159.48821,446,4575,0.0939523427
S19,Downstream,2,,,,Forest,George,6/20/2015,1,469302.632669,7225224.54213,460,362050,-0.141704426
S19,Downstream,22,80,,,Forest,George,6/20/2015,1,469304.035461,7225221.39518,462,373475,-0.141704426
S19,Downstream,28,10,,,Forest,George,6/20/2015,1,469306.077904,7225217.41794,463,373525,-0.141704426
S19,Downstream,39,30,,,Forest,George,6/20/2015,1,469308.2357,7225214.91363,463,373525,-0.141704426
S19,Downstream,12,,,,Forest,George,6/20/2015,1,469312.024245,7225214.39532,462,373525,-0.141704426
S19,Downstream,0,,,,Forest,George,6/20/2015,1,469315.027219,7225211.19802,463,373600,-0.141704426
S19,Downstream,3,,,,Forest,George,6/20/2015,1,469316.915505,7225207.82893,458,373625,-0.141704426
S19,Downstream,4,,,,Forest,George,6/20/2015,1,469318.748331,7225204.55627,458,373625,-0.141704426
S19,Downstream,0,,,,Forest,George,6/20/2015,1,469322.042688,7225201.48503,455,374650,-0.141704426
S19,Downstream,12,,,,Forest,George,6/20/2015,1,469324.547912,7225199.04301,455,374650,-0.141704426
S19,Downstream,27,10,,,Forest,George,6/20/2015,1,469327.625881,7225197.42798,454,374675,-0.141704426
S19,Downstream,15,,,,Forest,George,6/20/2015,1,469332.204056,7225197.38468,453,374675,-0.141704426
S19,Downstream,10,,,,Forest,George,6/20/2015,1,469333.20862,7225193.92778,453,375075,-0.141704426
S19,Downstream,10,,,,Forest,George,6/20/2015,1,469334.88034,7225190.85509,453,375075,-0.141704426
S19,Downstream,12,20,,,Forest,George,6/20/2015,1,469335.700215,7225187.39241,452,375075,-0.141704426
S19,Downstream,8,,,,Forest,George,6/20/2015,1,469335.991072,7225183.71086,452,375075,-0.141704426
S19,Downstream,22,10,,,Forest,George,6/20/2015,1,469339.391725,7225182.56296,451,375875,-0.141704426
S19,Downstream,0,,,,Forest,George,6/20/2015,1,469340.966163,7225180.73291,451,375875,-0.141704426
S19,Downstream,11,,,,Forest,George,6/20/2015,1,469342.209438,7225176.0065,449,376600,-0.141704426
S19,Downstream,3,,,,Forest,George,6/20/2015,1,469342.407494,7225172.08025,449,376600,-0.141704426
S19,Downstream,17,,,,Forest,George,6/20/2015,1,469343.109279,7225167.73283,448,376625,-0.141704426
S19,Downstream,7,,,,Forest,George,6/20/2015,1,469345.2252,7225163.8409,448,377800,-0.141704426
S19,Downstream,0,,,,Forest,George,6/20/2015,1,469347.441886,7225159.9964,447,377800,-0.141704426
S20,Upstream,0,,,,Forest,George,6/20/2015,1,469343.343842,7225160.43395,447,3050,0.2604549769
S20,Upstream,0,,,,Forest,George,6/20/2015,1,469338.594179,7225162.61754,448,2575,0.2604549769
S20,Upstream,6,,,,Forest,George,6/20/2015,1,469337.07056,7225166.85589,448,2575,0.2604549769
S20,Upstream,0,,,,Forest,George,6/20/2015,1,469334.118172,7225170.60625,450,2400,0.2604549769
S20,Upstream,8,,,,Forest,George,6/20/2015,1,469331.892686,7225173.60766,450,2400,0.2604549769
S20,Upstream,13,,,,Forest,George,6/20/2015,1,469330.7837,7225179.28097,454,2325,0.2604549769
S21,Downstream,9,,,,Forest,George,6/20/2015,2,469349.712301,7225156.72068,447,377800,-0.1112716976
S21,Downstream,0,,,,Forest,George,6/20/2015,2,469352.217461,7225152.81224,446,378175,-0.1112716976
S21,Downstream,6,60,,,Forest,George,6/20/2015,2,469355.321065,7225150.44163,446,378175,-0.1112716976
S21,Downstream,0,,,,Forest,George,6/20/2015,2,469357.481117,7225146.99552,445,378175,-0.1112716976
S21,Downstream,0,,,,Forest,George,6/20/2015,2,469360.870879,7225144.13767,445,378250,-0.1112716976
S21,Downstream,0,,,,Forest,George,6/20/2015,2,469365.182439,7225144.75735,445,378250,-0.1112716976
S21,Downstream,0,,,,Forest,George,6/20/2015,2,469370.016643,7225145.09732,444,378250,-0.1112716976
S22,Downstream,8,,,,Forest,George,6/20/2015,2,469373.786742,7225142.49146,443,4725,0
S22,Downstream,0,,,,Forest,George,6/20/2015,2,469377.064386,7225138.73521,443,386800,0
S22,Downstream,0,,,,Forest,George,6/20/2015,2,469378.966346,7225133.89712,443,386800,0
S23,Upstream,4,,,,Forest,George,6/20/2015,2,469379.234535,7225136.53433,443,386800,0
S23,Upstream,0,,,,Forest,George,6/20/2015,2,469378.762824,7225139.72589,443,386800,0
S23,Upstream,9,,,,Forest,George,6/20/2015,2,469376.745113,7225143.25254,443,4725,0
S24,Downstream,16,80,,Reversed original S17 from upstream to downstream and combined it with S24,Shrublands,George,6/20/2015,2,469379.321133,7225133.60701,441,386800,-0.0904923551
S24,Downstream,3,,,,Shrublands,George,6/20/2015,2,469380.856698,7225129.23738,441,386800,-0.0904923551
S24,Downstream,9,,,,Shrublands,George,6/20/2015,2,469381.767186,7225126.78426,441,386825,-0.0904923551
S24,Downstream,3,50,,,Shrublands,George,6/20/2015,2,469382.682484,7225123.07262,440,386925,-0.0904923551
S24,Downstream,9,20,,,Shrublands,George,6/20/2015,2,469384.480305,7225120.85185,440,386925,-0.0904923551
S24,Downstream,7,,,End of original S17,Shrublands,George,6/20/2015,2,469386.84865,7225117.50638,439,386925,-0.0904923551
S24,Downstream,20,,,,Shrublandland,George,6/20/2015,2,469386.896694,7225114.16974,439,386925,-0.0904923551
S24,Downstream,21,,,,Shrublandland,George,6/20/2015,2,469387.55395,7225111.14601,438,400475,-0.0904923551
S24,Downstream,32,20,,,Forest,George,6/20/2015,2,469390.073557,7225108.96204,438,400475,-0.0904923551
S24,Downstream,5,,,,Forest,George,6/20/2015,2,469387.504324,7225105.6383,437,400475,-0.0904923551
S24,Downstream,7,,,,Forest,George,6/20/2015,2,469388.53332,7225103.14706,437,400475,-0.0904923551
S24,Downstream,10,,,,Forest,George,6/20/2015,2,469388.768202,7225100.03642,437,400500,-0.0904923551
S24,Downstream,11,,,,Shrublandland,George,6/20/2015,2,469389.768988,7225097.92365,437,400500,-0.0904923551
S24,Downstream,22,10,,,Shrublandland,George,6/20/2015,2,469391.920511,7225096.15821,434,400500,-0.0904923551
S24,Downstream,14,,,,Shrublandland,George,6/20/2015,2,469394.666714,7225095.23226,434,407950,-0.0904923551
S24,Downstream,0,,,,Shrublandland,George,6/20/2015,2,469396.287578,7225091.91469,434,409275,-0.0904923551
S24,Downstream,0,,,,Shrublandland,George,6/20/2015,2,469399.602582,7225089.80487,432,409275,-0.0904923551
S24,Downstream,0,,,,Shrublandland,George,6/20/2015,2,469400.145177,7225087.02509,432,409275,-0.0904923551
S24,Downstream,11,,,,Shrublandland,George,6/20/2015,2,469399.934103,7225084.18588,432,409275,-0.0904923551
S24,Downstream,0,,,,Shrublandland,George,6/20/2015,2,469403.951677,7225084.21035,432,409300,-0.0904923551
S24,Downstream,0,,,,Shrublandland,George,6/20/2015,2,469403.116722,7225080.10174,431,409300,-0.0904923551
S24,Downstream,13,,,,Shrublandland,George,6/20/2015,2,469405.261052,7225078.2509,431,409300,-0.0904923551
S24,Downstream,15,30,,,Shrublandland,George,6/20/2015,2,469405.997563,7225074.97447,431,409300,-0.0904923551
S24,Downstream,19,,,,Shrublandland,George,6/20/2015,2,469408.637235,7225073.82147,432,412650,-0.0904923551
S24,Downstream,25,,,,Shrublandland,George,6/20/2015,2,469412.361353,7225074.02999,431,413425,-0.0904923551
S24,Downstream,6,,,,Shrublandland,George,6/20/2015,2,469415.391788,7225071.29651,432,413425,-0.0904923551
S24,Downstream,7,,,,Shrublandland,George,6/20/2015,2,469419.155986,7225072.09791,431,413425,-0.0904923551
S24,Downstream,11,,,,Shrublandland,George,6/20/2015,2,469421.079257,7225068.17704,432,418175,-0.0904923551
S24,Downstream,10,,,,Shrublandland,George,6/20/2015,2,469422.088658,7225066.07322,431,418175,-0.0904923551
S24,Downstream,0,,,,Shrublandland,George,6/20/2015,2,469422.56353,7225062.81398,432,418325,-0.0904923551
S24,Downstream,0,,,,Shrublandland,George,6/20/2015,2,469425.701287,7225060.97486,432,418325,-0.0904923551
S24,Downstream,14,,,,Shrublandland,George,6/20/2015,2,469427.362856,7225057.37456,432,418950,-0.0904923551
S24,Downstream,0,,,,Shrublandland,George,6/20/2015,2,469426.669193,7225053.19828,432,418950,-0.0904923551
S24,Downstream,0,,,,Shrublandland,George,6/20/2015,2,469429.857144,7225052.42663,432,418950,-0.0904923551
S24,Downstream,0,,,,Shrublandland,George,6/20/2015,2,469433.336438,7225050.31938,431,421350,-0.0904923551
S24,Downstream,4,50,,Reversed original S25 from upstream to downstream and combined it with S24,Shrublandland,George,6/20/2015,2,469436.5194,7225048.9321,430,421350,-0.0904923551
S24,Downstream,0,,,End of original S25,Shrublandland,George,6/20/2015,2,469438.697899,7225046.47984,430,421500,-0.0904923551
S26,Downstream,10,,,S25 combined with S24,Shrublandland,George,6/20/2015,3,469657.05546,7224947.13803,424,658275,-0.0810357303
S26,Downstream,14,,,,Shrublandland,George,6/20/2015,3,469661.270959,7224949.06819,424,660900,-0.0810357303
S26,Downstream,15,,,,Shrublandland,George,6/20/2015,3,469664.642052,7224950.86612,424,1132750,-0.0810357303
S26,Downstream,9,,,,Shrublandland,George,6/20/2015,3,469667.731111,7224953.86221,424,1132750,-0.0810357303
S26,Downstream,15,,,,Shrublandland,George,6/20/2015,3,469671.800827,7224955.84292,423,1132800,-0.0810357303
S26,Downstream,16,,,,Shrublandland,George,6/20/2015,3,469676.308086,7224956.58811,421,1132800,-0.0810357303
S26,Downstream,10,,,,Shrublandland,George,6/20/2015,3,469680.833871,7224957.20973,421,1132800,-0.0810357303
S26,Downstream,25,,,,Shrublandland,George,6/20/2015,3,469683.125367,7224961.41161,420,1132875,-0.0810357303
S26,Downstream,19,,,,Shrublandland,George,6/20/2015,3,469688.244704,7224962.03631,420,1132900,-0.0810357303
S26,Downstream,11,,,,Shrublandland,George,6/20/2015,3,469691.961458,7224964.10336,419,1132975,-0.0810357303
S26,Downstream,14,,,,Shrublandland,George,6/20/2015,3,469696.548393,7224965.73853,419,1133000,-0.0810357303
S26,Downstream,12,20,,,Shrublandland,George,6/20/2015,3,469700.849741,7224966.67667,419,1133000,-0.0810357303
S26,Downstream,0,,,,Shrublandland,George,6/20/2015,3,469705.452354,7224969.17582,418,1405575,-0.0810357303
S26,Downstream,29,,,,Shrublandland,George,6/20/2015,3,469708.911201,7224970.41506,417,1405575,-0.0810357303
S26,Downstream,13,,,,Shrublandland,George,6/20/2015,3,469712.603519,7224971.65448,416,1405750,-0.0810357303
S26,Downstream,21,,,,Shrublandland,George,6/20/2015,3,469717.022738,7224971.75117,416,1405750,-0.0810357303
S26,Downstream,18,,,,Shrublandland,George,6/20/2015,3,469719.622402,7224974.99909,416,1407050,-0.0810357303
S26,Downstream,19,,,,Shrublandland,George,6/20/2015,3,469720.445489,7224970.71796,416,1407050,-0.0810357303
S26,Downstream,11,,,,Shrublandland,George,6/20/2015,3,469724.619751,7224972.81503,415,1407050,-0.0810357303
S26,Downstream,14,,,,Shrublandland,George,6/20/2015,3,469724.506408,7224977.0918,414,1407075,-0.0810357303
S26,Downstream,24,,,,Shrublandland,George,6/20/2015,3,469727.979867,7224979.63363,414,1407075,-0.0810357303
S26,Downstream,11,,,,Shrublandland,George,6/20/2015,3,469732.596455,7224980.17315,413,1408825,-0.0810357303
S26,Downstream,26,,,,Shrublandland,George,6/20/2015,3,469737.092113,7224981.28914,412,1408825,-0.0810357303
S26,Downstream,25,,,,Shrublandland,George,6/20/2015,3,469739.814237,7224978.831,412,1408825,-0.0810357303
S26,Downstream,11,,,,Shrublandland,George,6/20/2015,3,469745.580713,7224978.92343,412,1408850,-0.0810357303
S26,Downstream,23,,,,Shrublandland,George,6/20/2015,3,469748.781799,7224982.4889,410,1408900,-0.0810357303
S26,Downstream,24,,,,Shrublandland,George,6/20/2015,3,469754.109218,7224982.15762,409,1408975,-0.0810357303
S26,Downstream,14,,,,Shrublandland,George,6/20/2015,3,469756.976132,7224980.40621,408,1409000,-0.0810357303
S26,Downstream,13,,,,Shrublandland,George,6/20/2015,3,469758.75025,7224984.1364,408,1409000,-0.0810357303
S26,Downstream,21,,,,Shrublandland,George,6/20/2015,3,469763.654183,7224982.94433,407,1409025,-0.0810357303
S26,Downstream,14,,,,Shrublandland,George,6/20/2015,3,469768.11975,7224985.36841,406,1409050,-0.0810357303
S26,Downstream,26,,,,Shrublandland,George,6/20/2015,3,469770.517714,7224989.22665,407,1409050,-0.0810357303
S26,Downstream,19,,,,Shrublandland,George,6/20/2015,3,469767.6651,7224992.30045,407,1409050,-0.0810357303
S26,Downstream,12,,,,Shrublandland,George,6/20/2015,3,469769.788882,7224994.44996,407,1409050,-0.0810357303
S26,Downstream,21,,,,Shrublandland,George,6/20/2015,3,469774.641931,7224996.29196,407,1409075,-0.0810357303
S26,Downstream,15,,,,Shrublandland,George,6/20/2015,3,469779.530981,7224997.41582,407,1409100,-0.0810357303
S26,Downstream,21,,,,Shrublandland,George,6/20/2015,3,469780.545003,7225001.2202,408,1409100,-0.0810357303
S26,Downstream,17,,,,Shrublandland,George,6/20/2015,3,469785.48174,7225002.21998,407,1409125,-0.0810357303
S26,Downstream,16,,,,Shrublandland,George,6/20/2015,3,469789.56463,7225001.30951,407,1409150,-0.0810357303
S26,Downstream,17,,,,Shrublandland,George,6/20/2015,3,469792.402016,7224999.88155,407,1409175,-0.0810357303
S26,Downstream,8,,,,Shrublandland,George,6/20/2015,3,469795.592278,7225003.5524,407,1409175,-0.0810357303
S26,Downstream,14,,,,Shrublandland,George,6/20/2015,3,469799.236581,7225007.09991,407,1409200,-0.0810357303
S26,Downstream,13,,,,Shrublandland,George,6/20/2015,3,469803.96128,7225007.19038,407,1409225,-0.0810357303
S26,Downstream,11,,,,Shrublandland,George,6/20/2015,3,469808.943718,7225009.01284,408,1409250,-0.0810357303
S26,Downstream,16,,,,Shrublandland,George,6/20/2015,3,469811.938761,7225011.45164,408,1419700,-0.0810357303
S26,Downstream,14,,,,Shrublandland,George,6/20/2015,3,469817.853584,7225013.00045,408,1419800,-0.0810357303
S26,Downstream,13,,,,Shrublandland,George,6/20/2015,3,469821.343127,7225010.62573,408,1419825,-0.0810357303
S26,Downstream,12,,,,Shrublandland,George,6/20/2015,3,469824.831675,7225007.08507,407,1419825,-0.0810357303
S26,Downstream,19,,,,Shrublandland,George,6/20/2015,3,469828.912287,7225008.64324,407,1420400,-0.0810357303
S26,Downstream,0,,,,Shrublandland,George,6/20/2015,3,469832.293415,7225011.98171,406,1420425,-0.0810357303
S26,Downstream,15,,,,Shrublandland,George,6/20/2015,3,469836.282147,7225014.30497,406,1420450,-0.0810357303
S26,Downstream,19,,,,Shrublandland,George,6/20/2015,3,469836.775436,7225019.62682,406,1420450,-0.0810357303
S26,Downstream,18,,,,Shrublandland,George,6/20/2015,3,469841.684566,7225021.52676,405,1420475,-0.0810357303
S26,Downstream,11,,,,Shrublandland,George,6/20/2015,3,469845.583129,7225024.03809,405,1693575,-0.0810357303
S26,Downstream,22,,,,Shrublandland,George,6/20/2015,3,469848.61974,7225027.91062,405,1693575,-0.0810357303
S26,Downstream,20,,,,Shrublandland,George,6/20/2015,3,469852.507917,7225027.1508,404,1694350,-0.0810357303
S26,Downstream,23,,,,Shrublandland,George,6/20/2015,3,469857.625082,7225027.13515,403,1694350,-0.0810357303
S26,Downstream,17,,,,Shrublandland,George,6/20/2015,3,469861.598101,7225028.49461,403,2101150,-0.0810357303
S26,Downstream,31,,,,Shrublandland,George,6/20/2015,3,469866.446965,7225026.98261,402,2101150,-0.0810357303
S26,Downstream,17,,,,Shrublandland,George,6/20/2015,3,469871.281835,7225024.0995,402,2101475,-0.0810357303
S27,Upstream,12,,,North facing slope - mossy permafrost stream,Shrublandland,George,6/20/2015,1,469874.513332,7225020.58759,402,2101475,0.0777272634
S27,Upstream,7,,,,Shrublandland,George,6/20/2015,1,469872.725061,7225016.81892,402,2101150,0.0777272634
S27,Upstream,6,,,,Shrublandland,George,6/20/2015,1,469870.210719,7225013.34898,402,1698900,0.0777272634
S27,Upstream,15,50,,,Shrublandland,George,6/20/2015,1,469867.837818,7225009.44091,402,1694350,0.0777272634
S27,Upstream,4,,,,Shrublandland,George,6/20/2015,1,469869.691782,7225005.34405,403,1694350,0.0777272634
S27,Upstream,6,,,,Shrublandland,George,6/20/2015,1,469869.351243,7225000.54159,403,1694350,0.0777272634
S27,Upstream,15,50,,,Shrublandland,George,6/20/2015,1,469865.832794,7224998.68441,405,1694350,0.0777272634
S27,Upstream,4,,,,Shrublandland,George,6/20/2015,1,469863.751663,7224994.77371,404,1693575,0.0777272634
S27,Upstream,6,,,,Shrublandland,George,6/20/2015,1,469863.274351,7224990.84669,405,1693575,0.0777272634
S27,Upstream,19,,,,Shrublandland,George,6/20/2015,1,469861.910441,7224985.76385,406,1693575,0.0777272634
S27,Upstream,9,,,,Shrublandland,George,6/20/2015,1,469865.10156,7224984.1294,406,1693575,0.0777272634
S27,Upstream,8,,,,Shrublandland,George,6/20/2015,1,469863.605191,7224980.35876,407,1689925,0.0777272634
S27,Upstream,41,,,,Shrublandland,George,6/20/2015,1,469865.164475,7224975.97444,407,268225,0.0777272634
S27,Upstream,15,,MC,,Shrublandland,George,6/20/2015,1,469861.7818,7224973.09705,407,268225,0.0777272634
S27,Upstream,30,,,,Shrublandland,George,6/20/2015,1,469863.058381,7224969.58954,407,268225,0.0777272634
S27,Upstream,8,,,,Shrublandland,George,6/20/2015,1,469862.880033,7224966.38829,407,268225,0.0777272634
S27,Upstream,8,,,,Shrublandland,George,6/20/2015,1,469862.939547,7224959.72912,407,267200,0.0777272634
S27,Upstream,0,,,,Shrublandland,George,6/20/2015,1,469862.779821,7224955.52357,407,266475,0.0777272634
S27,Upstream,0,,,,Shrublandland,George,6/20/2015,1,469865.694583,7224954.44186,406,266475,0.0777272634
S27,Upstream,3,,,,Shrublandland,George,6/20/2015,1,469868.946187,7224951.95404,407,2650,0.0777272634
S27,Upstream,1,,,,Shrublandland,George,6/20/2015,1,469873.015734,7224949.34042,407,2650,0.0777272634
S27,Upstream,14,,,,Shrublandland,George,6/20/2015,1,469876.853659,7224946.96323,408,2625,0.0777272634
S27,Upstream,0,,,,Shrublandland,George,6/20/2015,1,469879.279932,7224943.90078,409,2600,0.0777272634
S27,Upstream,13,,,"Found streams by listening to gurgle and babble. Stream bed = cobbles, pebbles, sand, and mud",Shrublandland,George,6/20/2015,1,469879.111269,7224938.8789,410,2575,0.0777272634
S28,Downstream,24,,,,Shrublandland,George,6/20/2015,3,470118.455687,7225162.88312,405,2634275,-0.0096193712
S28,Downstream,18,,,,Shrublandland,George,6/20/2015,3,470113.359722,7225161.10465,405,2634275,-0.0096193712
S28,Downstream,27,,,,Shrublandland,George,6/20/2015,3,470109.262731,7225160.44272,405,2633800,-0.0096193712
S28,Downstream,26,,,,Shrublandland,George,6/20/2015,3,470110.055984,7225155.22375,405,2633800,-0.0096193712
S28,Downstream,13,,,,Shrublandland,George,6/20/2015,3,470105.543261,7225155.27031,405,2633800,-0.0096193712
S28,Downstream,23,,,,Shrublandland,George,6/20/2015,3,470101.180406,7225156.16033,405,2633800,-0.0096193712
S28,Downstream,16,,,,Shrublandland,George,6/20/2015,3,470098.596506,7225151.68076,403,2633800,-0.0096193712
S28,Downstream,12,,,,Shrublandland,George,6/20/2015,3,470094.799471,7225152.70584,402,2633800,-0.0096193712
S28,Downstream,24,,,,Shrublandland,George,6/20/2015,3,470092.101999,7225150.90318,402,2633800,-0.0096193712
S28,Downstream,17,,,,Shrublandland,George,6/20/2015,3,470087.991847,7225148.83359,402,2633800,-0.0096193712
S28,Downstream,21,,,,Shrublandland,George,6/20/2015,3,470085.489991,7225152.37969,402,2633800,-0.0096193712
S28,Downstream,14,,,,Shrublandland,George,6/20/2015,3,470082.93238,7225150.43497,402,2633800,-0.0096193712
S28,Downstream,18,,,,Shrublandland,George,6/20/2015,3,470081.351619,7225147.49443,400,2633800,-0.0096193712
S28,Downstream,16,,,,Shrublandland,George,6/20/2015,3,470076.138715,7225147.8301,401,2633800,-0.0096193712
S28,Downstream,34,,,,Shrublandland,George,6/20/2015,3,470071.754775,7225146.46748,401,2633800,-0.0096193712
S28,Downstream,18,,,,Shrublandland,George,6/20/2015,3,470069.106797,7225149.45165,403,2633800,-0.0096193712
S28,Downstream,28,,,,Shrublandland,George,6/20/2015,3,470064.866991,7225148.36913,401,2633800,-0.0096193712
S28,Downstream,20,,,,Shrublandland,George,6/20/2015,3,470062.509761,7225152.19488,402,2633800,-0.0096193712
S28,Downstream,13,,,,Shrublandland,George,6/20/2015,3,470059.665321,7225149.69033,402,2632125,-0.0096193712
S28,Downstream,19,,,,Shrublandland,George,6/20/2015,3,470058.351084,7225145.19886,401,2632125,-0.0096193712
S28,Downstream,11,,,,Shrublandland,George,6/20/2015,3,470054.254314,7225144.25623,400,2632125,-0.0096193712
S28,Downstream,30,,,,Shrublandland,George,6/20/2015,3,470052.51168,7225139.20623,399,2632125,-0.0096193712
S28,Downstream,15,,,,Shrublandland,George,6/20/2015,3,470049.956639,7225137.40306,397,2125450,-0.0096193712
S28,Downstream,28,,,,Shrublandland,George,6/20/2015,3,470047.891917,7225142.21126,398,2125450,-0.0096193712
S28,Downstream,25,,,,Shrublandland,George,6/20/2015,3,470044.345116,7225139.85538,397,2125450,-0.0096193712
S28,Downstream,15,,,,Shrublandland,George,6/20/2015,3,470039.681537,7225138.49676,395,2125450,-0.0096193712
S28,Downstream,20,,,,Shrublandland,George,6/20/2015,3,470036.276158,7225136.13979,395,2125450,-0.0096193712
S28,Downstream,31,,,,Shrublandland,George,6/20/2015,3,470033.575247,7225133.77536,395,2106750,-0.0096193712
S28,Downstream,22,,,,Shrublandland,George,6/20/2015,3,470031.067424,7225136.47672,395,2106750,-0.0096193712
S28,Downstream,33,,,,Shrublandland,George,6/20/2015,3,470030.878795,7225131.83343,394,2106750,-0.0096193712
S28,Downstream,0,,,,Shrublandland,George,6/20/2015,3,470027.461053,7225128.21022,393,2106725,-0.0096193712
S28,Downstream,0,,,,Shrublandland,George,6/20/2015,3,470025.606261,7225123.3902,393,2106725,-0.0096193712
S28,Downstream,18,,,,Shrublandland,George,6/20/2015,3,470023.882668,7225120.17149,392,2106700,-0.0096193712
S28,Downstream,24,,,,Shrublandland,George,6/20/2015,3,470019.21806,7225118.67358,392,2106675,-0.0096193712
S28,Downstream,16,,,,Shrublandland,George,6/20/2015,3,470014.962221,7225115.76407,393,2106650,-0.0096193712
S28,Downstream,15,,,,Shrublandland,George,6/20/2015,3,470013.516452,7225112.12068,393,2106650,-0.0096193712
S28,Downstream,16,,,,Shrublandland,George,6/20/2015,3,470009.68225,7225109.06647,394,2106625,-0.0096193712
S28,Downstream,12,,,,Shrublandland,George,6/20/2015,3,470005.42248,7225106.45638,394,2106625,-0.0096193712
S28,Downstream,22,,,,Shrublandland,George,6/20/2015,3,470001.601375,7225104.80763,395,2106600,-0.0096193712
S28,Downstream,0,,,,Shrublandland,George,6/20/2015,3,469998.053827,7225102.31204,396,2106575,-0.0096193712
S28,Downstream,15,,,,Shrublandland,George,6/20/2015,3,469995.63488,7225099.94546,396,2106575,-0.0096193712
S28,Downstream,19,,,,Shrublandland,George,6/20/2015,3,469990.700914,7225099.57471,398,2106550,-0.0096193712
S28,Downstream,14,,,,Shrublandland,George,6/20/2015,3,469989.539842,7225096.21033,398,2106525,-0.0096193712
S28,Downstream,15,,,,Shrublandland,George,6/20/2015,3,469987.542394,7225093.69883,398,2106525,-0.0096193712
S28,Downstream,18,,,,Shrublandland,George,6/20/2015,3,469983.761504,7225095.8486,399,2106500,-0.0096193712
S28,Downstream,15,,,,Shrublandland,George,6/20/2015,3,469980.630535,7225092.64574,399,2106500,-0.0096193712
S28,Downstream,29,,,,Shrublandland,George,6/20/2015,3,469975.83584,7225091.99251,400,2106475,-0.0096193712
S28,Downstream,27,,,,Shrublandland,George,6/20/2015,3,469975.083099,7225087.21773,399,2106450,-0.0096193712
S28,Downstream,19,,,,Shrublandland,George,6/20/2015,3,469971.703982,7225087.25323,399,2106450,-0.0096193712
S28,Downstream,15,,,,Shrublandland,George,6/20/2015,3,469967.588181,7225084.06137,399,2106425,-0.0096193712
S28,Downstream,23,,,,Shrublandland,George,6/20/2015,3,469965.58919,7225079.5187,399,2106425,-0.0096193712
S28,Downstream,27,,,,Shrublandland,George,6/20/2015,3,469961.073539,7225078.5809,399,2106400,-0.0096193712
S28,Downstream,19,,,,Shrublandland,George,6/20/2015,3,469956.828303,7225076.5152,399,2106375,-0.0096193712
S28,Downstream,49,,,,Shrublandland,George,6/20/2015,3,469956.074201,7225071.60046,399,2106375,-0.0096193712
S28,Downstream,12,,,,Shrublandland,George,6/20/2015,3,469951.8622,7225072.76947,400,2106350,-0.0096193712
S28,Downstream,20,,,,Shrublandland,George,6/20/2015,3,469950.12846,7225068.42764,402,2106325,-0.0096193712
S28,Downstream,18,,,,Shrublandland,George,6/20/2015,3,469945.473231,7225064.85309,403,2106325,-0.0096193712
S28,Downstream,23,,,,Shrublandland,George,6/20/2015,3,469941.667327,7225064.47019,403,2106325,-0.0096193712
S28,Downstream,24,,,,Shrublandland,George,6/20/2015,3,469938.266855,7225062.3956,404,2106250,-0.0096193712
S28,Downstream,21,,,,Shrublandland,George,6/20/2015,3,469935.8649,7225061.57648,404,2106250,-0.0096193712
S28,Downstream,22,,,,Shrublandland,George,6/20/2015,3,469932.313931,7225058.51916,404,2106250,-0.0096193712
S28,Downstream,27,,,,Shrublandland,George,6/20/2015,3,469933.25354,7225054.00964,404,2105425,-0.0096193712
S28,Downstream,15,,,,Shrublandland,George,6/20/2015,3,469929.155346,7225052.50479,404,2105425,-0.0096193712
S28,Downstream,28,,,,Shrublandland,George,6/20/2015,3,469925.462389,7225049.30836,404,2105400,-0.0096193712
S28,Downstream,18,,,,Shrublandland,George,6/20/2015,3,469921.08858,7225048.36896,404,2105400,-0.0096193712
S28,Downstream,22,,,,Shrublandland,George,6/20/2015,3,469917.248887,7225047.17402,406,2105375,-0.0096193712
S28,Downstream,15,,,,Shrublandland,George,6/20/2015,3,469911.767139,7225048.07345,407,2103775,-0.0096193712
S28,Downstream,37,20,,,Shrublandland,George,6/20/2015,3,469908.78376,7225045.43225,408,2103775,-0.0096193712
S28,Downstream,22,,,,Shrublandland,George,6/20/2015,3,469909.029549,7225041.9145,408,2103775,-0.0096193712
S28,Downstream,23,,,,Shrublandland,George,6/20/2015,3,469904.095513,7225041.26169,408,2103775,-0.0096193712
S28,Downstream,17,,,,Shrublandland,George,6/20/2015,3,469899.444648,7225040.74666,408,2103425,-0.0096193712
S28,Downstream,24,,,,Shrublandland,George,6/20/2015,3,469894.818268,7225042.6217,408,2103425,-0.0096193712
S28,Downstream,25,,,,Shrublandland,George,6/20/2015,3,469890.736372,7225042.66321,408,2103400,-0.0096193712
S28,Downstream,16,,,,Shrublandland,George,6/20/2015,3,469886.229472,7225042.42794,407,2103400,-0.0096193712
S28,Downstream,31,,,,Shrublandland,George,6/20/2015,3,469881.702598,7225040.22444,406,2102125,-0.0096193712
S28,Downstream,25,,,,Shrublandland,George,6/20/2015,3,469881.655504,7225035.58529,405,2102125,-0.0096193712
S28,Downstream,16,,,,Shrublandland,George,6/20/2015,3,469878.802083,7225031.81831,404,2101800,-0.0096193712
S28,Downstream,28,,,,Shrublandland,George,6/20/2015,3,469876.646735,7225027.48203,403,2101475,-0.0096193712
S28,Downstream,32,,,"End pt: 65.14855, 147.63724",Shrublandland,George,6/20/2015,3,469875.910232,7225024.25604,403,2101475,-0.0096193712
