stony_field_dat.csv,,,,,,,,,,,,,,
George Allen,,,,,,,,,,,,,,
"Sept, 2015",,,,,,,,,,,,,,
,,,,,,,,,,,,,,
"This table is field data collected in the Stony Creek Watershed in Duke Forest Edeburn Division SW of Hillsborough, North Carolina",,,,,,,,,,,,,,
This data set was created by George Allen and Eric Barefoot by pacing along streams and taking wetted stream width measurements every ~5 meters with a tape measure,,,,,,,,,,,,,,
This data was collected to determine the distribution of stream widths in headwater catchments.,,,,,,,,,,,,,,
,,,,,,,,,,,,,,
,,,,,,,,,,,,,,
columns:,,,,,,,,,,,,,,
stream_segment_ID,Internal and external stream segments usually seperated by nodes. Order is arbitrary,,,,,,,,,,,,,
direction,We either paced upstream or downstream,,,,,,,,,,,,,
flowing_width,Raw width measurements taken in inches,,,,,,,,,,,,,
percent_nonflow,"Estimated percentage of the streams that were not flowing due to sandbars, rocks, vegetation, or other material at the surface of the stream",,,,,,,,,,,,,
code,attributes of stream or measurement ,,,,,,,,,,,,,
,B,bushes,,,,,,,,,,,,
,DM,divine measurement - width visually estimated (only done a few times in Konza where poison ivy was too dense to measure),,,,,,,,,,,,
,G,tall grass,,,,,,,,,,,,
,MC,multiple channels seperated by vegetation,,,,,,,,,,,,
,RF,width measured by laser range finder (in meters),,,,,,,,,,,,
,SC,Stream covered by snow,,,,,,,,,,,,
notes,misc notes,,,,,,,,,,,,,
environment,where the stream is located,,,,,,,,,,,,,
measurer_name,name of person pacing and taking width measurements,,,,,,,,,,,,,
date,date,,,,,,,,,,,,,
stream_order,strahler stream order (no 0 order streams),,,,,,,,,,,,,
UTM_X,UTM zone 17N easting (locations are approximate),,,,,,,,,,,,,
UTM_Y,UTM zone 17N northing (locations are approximate),,,,,,,,,,,,,
elev_m,approximate elevations in meters,,,,,,,,,,,,,
acc_area_m2,approximate upstream accumulation area in square meters,,,,,,,,,,,,,
slope,approximate slope (unitless),,,,,,,,,,,,,
,,,,,,,,,,,,,,
,,,,,,,,,,,,,,
,,,,,,,,,,,,,,
Pacing 100 ft streamwise length:,,,,,,,,,,,,,,
Pacer,direction,paces_run1,paces_run2,paces_run3,paces_run4,paces_run5,paces_run6,,,,,,,
Arik,Upstream,43,43,45,41,45,43,,,,,,,
Arik,Downstream,45,46,45,45,48,48,,,,,,,
George,Upstream,47,47,45,47,48,45,,,,,,,
George,Downstream,46,47,46,45,47,45,,,,,,,
,,,,,,,,,,,,,,
"runs 1,2,3 were done in a dry 1st order stream",,,,,,,,,,,,,,
"runs 4,5,6 were done in a wet 4th order stream",,,,,,,,,,,,,,
,,,,,,,,,,,,,,
,,,,,,,,,,,,,,
,,,,,,,,,,,,,,
,,,,,,,,,,,,,,
,,,,,,,,,,,,,,
,,,,,,,,,,,,,,
stream_segment_ID,direction,flowing_width,percent_nonflow,code,notes,environment,measurer_name,date,stream_order,UTM_X,UTM_Y,elev_m,acc_area_m2,slope
S1,Downstream,7,,,~20 meters down from channel head,Forest,George,09/27/15,1,673000.746377,3989725.23729,612,15660,-0.1385628483
S1,Downstream,15,10,,,Forest,George,09/27/15,1,673003.95447,3989723.14227,612,15660,-0.1385628483
S1,Downstream,12,10,,,Forest,George,09/27/15,1,673007.514522,3989721.49645,611,15660,-0.1385628483
S1,Downstream,0,,,,Forest,George,09/27/15,1,673010.929295,3989719.4155,609,16308,-0.1385628483
S1,Downstream,12,,,,Forest,George,09/27/15,1,673014.020595,3989717.68507,609,17604,-0.1385628483
S1,Downstream,13,,,,Forest,George,09/27/15,1,673017.314183,3989716.4243,607,17604,-0.1385628483
S1,Downstream,4,,,,Forest,George,09/27/15,1,673019.329268,3989713.60105,611,17604,-0.1385628483
S1,Downstream,15,,,,Forest,George,09/27/15,1,673023.134436,3989711.3964,609,20052,-0.1385628483
S1,Downstream,6,20,,,Forest,George,09/27/15,1,673027.322105,3989710.26758,609,20088,-0.1385628483
S1,Downstream,0,,,,Forest,George,09/27/15,1,673030.531133,3989708.85233,611,20088,-0.1385628483
S1,Downstream,20,10,,,Forest,George,09/27/15,1,673033.770195,3989705.57658,611,21348,-0.1385628483
S1,Downstream,10,,,,Forest,George,09/27/15,1,673037.42839,3989703.76778,612,21348,-0.1385628483
S1,Downstream,14,10,,,Forest,George,09/27/15,1,673040.890754,3989702.09885,612,21348,-0.1385628483
S1,Downstream,10,10,,,Forest,George,09/27/15,1,673044.229562,3989700.9999,611,21348,-0.1385628483
S1,Downstream,12,30,,,Forest,George,09/27/15,1,673047.859839,3989702.6302,609,21492,-0.1385628483
S1,Downstream,7,60,,,Forest,George,09/27/15,1,673050.890777,3989706.09791,606,21492,-0.1385628483
S1,Downstream,0,,,,Forest,George,09/27/15,1,673054.637622,3989707.59901,605,22608,-0.1385628483
S1,Downstream,0,,,,Forest,George,09/27/15,1,673057.186081,3989704.48243,607,23256,-0.1385628483
S1,Downstream,13,,,,Forest,George,09/27/15,1,673061.757565,3989704.89746,603,23256,-0.1385628483
S1,Downstream,0,,,,Forest,George,09/27/15,1,673066.222924,3989704.56053,603,23508,-0.1385628483
S1,Downstream,0,,,,Forest,George,09/27/15,1,673068.895154,3989701.66735,603,23508,-0.1385628483
S1,Downstream,0,,,,Forest,George,09/27/15,1,673072.725889,3989699.10899,601,24768,-0.1385628483
S1,Downstream,0,,,,Forest,George,09/27/15,1,673077.070825,3989698.46161,604,24804,-0.1385628483
S1,Downstream,0,,,Wier 1,Forest,George,09/27/15,1,673081.075836,3989697.83349,602,24804,-0.1385628483
S1,Downstream,0,,,Wier 1,Forest,George,09/27/15,1,673084.844614,3989698.41503,600,24912,-0.1385628483
S1,Downstream,0,,,,Forest,George,09/27/15,1,673089.23207,3989698.69616,600,30852,-0.1385628483
S1,Downstream,0,,,,Forest,George,09/27/15,1,673093.364594,3989698.2478,599,30852,-0.1385628483
S1,Downstream,0,,,,Forest,George,09/27/15,1,673097.351259,3989696.88232,597,33156,-0.1385628483
S1,Downstream,3,,,,Forest,George,09/27/15,1,673100.84408,3989694.662,597,33156,-0.1385628483
S1,Downstream,0,,,,Forest,George,09/27/15,1,673105.267819,3989694.59372,594,33156,-0.1385628483
S1,Downstream,0,,,,Forest,George,09/27/15,1,673109.133511,3989693.05995,595,33192,-0.1385628483
S1,Downstream,0,,,,Forest,George,09/27/15,1,673111.587014,3989689.17032,595,34740,-0.1385628483
S1,Downstream,0,,,,Forest,George,09/27/15,1,673115.596567,3989687.77356,594,34740,-0.1385628483
S1,Downstream,0,,,,Forest,George,09/27/15,1,673119.525699,3989687.51496,594,34740,-0.1385628483
S1,Downstream,0,,,Road 1,Forest,George,09/27/15,1,673122.647448,3989689.29896,592,34740,-0.1385628483
S1,Downstream,10,,,,Forest,George,09/27/15,1,673127.12891,3989690.33872,590,35172,-0.1385628483
S1,Downstream,1,,,,Forest,George,09/27/15,1,673131.260346,3989688.28827,590,35208,-0.1385628483
S1,Downstream,0,,,,Forest,George,09/27/15,1,673135.02641,3989686.25847,591,35208,-0.1385628483
S1,Downstream,2,,,,Forest,George,09/27/15,1,673138.7706,3989685.78437,591,41472,-0.1385628483
S1,Downstream,0,,,,Forest,George,09/27/15,1,673141.828275,3989682.50829,588,41472,-0.1385628483
S1,Downstream,0,,,,Forest,George,09/27/15,1,673144.234215,3989679.13401,587,41544,-0.1385628483
S1,Downstream,9,10,,,Forest,George,09/27/15,1,673146.877456,3989676.34127,587,42732,-0.1385628483
S1,Downstream,6,,,,Forest,George,09/27/15,1,673150.525438,3989675.52657,585,42732,-0.1385628483
S1,Downstream,0,,,,Forest,George,09/27/15,1,673153.593125,3989672.65687,585,42732,-0.1385628483
S1,Downstream,6,80,,,Forest,George,09/27/15,1,673156.064802,3989669.41861,585,42768,-0.1385628483
S1,Downstream,30,30,,,Forest,George,09/27/15,1,673158.145036,3989666.29337,582,44172,-0.1385628483
S1,Downstream,0,,,Stream goes into a natural tube,Forest,George,09/27/15,1,673162.863905,3989665.45332,582,44172,-0.1385628483
S1,Downstream,23,,,,Forest,George,09/27/15,1,673166.454929,3989665.31879,583,44172,-0.1385628483
S1,Downstream,4,,,,Forest,George,09/27/15,1,673170.683572,3989666.01122,581,44208,-0.1385628483
S1,Downstream,15,30,,,Forest,George,09/27/15,1,673174.405494,3989666.13142,581,48384,-0.1385628483
S1,Downstream,13,30,,,Forest,George,09/27/15,1,673178.919574,3989666.85723,581,48420,-0.1385628483
S1,Downstream,7,,,,Forest,George,09/27/15,1,673183.305665,3989666.44144,579,48420,-0.1385628483
S1,Downstream,17,10,,Foot bridge at experiment,Forest,George,09/27/15,1,673187.45165,3989665.73247,579,48780,-0.1385628483
S1,Downstream,6,50,,,Grass,George,09/27/15,1,673190.669865,3989663.71274,578,48924,-0.1385628483
S1,Downstream,15,10,,,Grass,George,09/27/15,1,673195.312145,3989663.6476,577,48924,-0.1385628483
S1,Downstream,14,80,,,Grass,George,09/27/15,1,673199.531054,3989663.281,577,50508,-0.1385628483
S1,Downstream,1,,,,Grass,George,09/27/15,1,673202.536284,3989659.87794,577,50508,-0.1385628483
S1,Downstream,4,80,,,Grass,George,09/27/15,1,673206.074373,3989657.846,576,50760,-0.1385628483
S1,Downstream,6,20,,,Grass,George,09/27/15,1,673209.588871,3989655.71249,575,50760,-0.1385628483
S1,Downstream,0,,,,Grass,George,09/27/15,1,673212.947151,3989653.25551,576,51228,-0.1385628483
S1,Downstream,0,,,,Grass,George,09/27/15,1,673217.704448,3989652.47406,574,51228,-0.1385628483
S1,Downstream,10,20,,,Grass,George,09/27/15,1,673216.154315,3989650.78722,574,51228,-0.1385628483
S1,Downstream,20,50,,,Grass,George,09/27/15,1,673217.111313,3989649.51799,574,51372,-0.1385628483
S1,Downstream,18,20,,,Grass,George,09/27/15,1,673221.803087,3989648.80018,574,51372,-0.1385628483
S1,Downstream,7,,,,Grass,George,09/27/15,1,673225.008673,3989645.85066,573,51372,-0.1385628483
S1,Downstream,17,,,,Grass,George,09/27/15,1,673226.740659,3989642.62433,573,54072,-0.1385628483
S1,Downstream,0,,,,Grass,George,09/27/15,1,673226.168881,3989639.61386,572,54072,-0.1385628483
S1,Downstream,24,,,,Grass,George,09/27/15,1,673222.772165,3989637.68623,571,54072,-0.1385628483
S1,Downstream,33,,,,Grass,George,09/27/15,1,673217.854293,3989637.20957,572,54072,-0.1385628483
S2,Upstream,28,60,,,Grass,George,09/27/15,1,673213.964721,3989639.86347,572,1692,0.8136937286
S2,Upstream,10,20,,,Grass,George,09/27/15,1,673210.129303,3989642.9384,576,1692,0.8136937286
S3,Downstream,36,,,,Forest,George,09/27/15,2,673218.660967,3989633.11842,575,54072,-0.0842029282
S3,Downstream,28,20,,,Forest,George,09/27/15,2,673222.335818,3989630.80309,572,54288,-0.0842029282
S3,Downstream,14,10,,,Forest,George,09/27/15,2,673226.595433,3989629.91438,570,54288,-0.0842029282
S3,Downstream,5,,,,Forest,George,09/27/15,2,673229.44897,3989627.16455,574,54288,-0.0842029282
S3,Downstream,27,20,,,Forest,George,09/27/15,2,673232.442068,3989625.44946,572,54288,-0.0842029282
S3,Downstream,26,10,,,Forest,George,09/27/15,2,673235.509892,3989625.50961,572,55476,-0.0842029282
S3,Downstream,35,,,,Forest,George,09/27/15,2,673240.126053,3989624.72805,572,55980,-0.0842029282
S3,Downstream,24,10,,,Forest,George,09/27/15,2,673244.003807,3989624.05143,573,55980,-0.0842029282
S3,Downstream,20,20,,,Forest,George,09/27/15,2,673248.552223,3989624.44535,573,56196,-0.0842029282
S3,Downstream,26,10,,,Forest,George,09/27/15,2,673252.007161,3989627.09439,573,56304,-0.0842029282
S3,Downstream,26,,,,Forest,George,09/27/15,2,673256.876222,3989627.29078,573,56304,-0.0842029282
S3,Downstream,29,,,,Forest,George,09/27/15,2,673260.426656,3989627.55568,573,56304,-0.0842029282
S3,Downstream,11,,,,Forest,George,09/27/15,2,673263.37013,3989627.61837,572,56952,-0.0842029282
S3,Downstream,0,,,,Forest,George,09/27/15,2,673267.676115,3989628.3935,572,56952,-0.0842029282
S3,Downstream,18,,,,Forest,George,09/27/15,2,673272.153059,3989629.20673,571,56988,-0.0842029282
S3,Downstream,14,20,,,Forest,George,09/27/15,2,673274.979947,3989631.37471,568,56988,-0.0842029282
S3,Downstream,31,,,,Forest,George,09/27/15,2,673276.702005,3989635.13559,568,57384,-0.0842029282
S3,Downstream,28,20,,,Forest,George,09/27/15,2,673278.136108,3989638.1418,568,57384,-0.0842029282
S3,Downstream,10,,,,Forest,George,09/27/15,2,673278.868639,3989641.84751,568,57384,-0.0842029282
S3,Downstream,29,,,,Forest,George,09/27/15,2,673282.331677,3989643.22347,569,57744,-0.0842029282
S4,Downstream,7,20,,,Forest,George,09/27/15,1,673220.37666,3989697.57645,577,51912,-0.0837419925
S4,Downstream,28,,,,Forest,George,09/27/15,1,673223.380809,3989695.03579,577,51912,-0.0837419925
S4,Downstream,20,,,,Forest,George,09/27/15,1,673227.25021,3989696.75202,576,51912,-0.0837419925
S4,Downstream,3,,,,Forest,George,09/27/15,1,673230.618924,3989697.98771,577,51948,-0.0837419925
S4,Downstream,6,50,,,Forest,George,09/27/15,1,673231.685149,3989695.14942,576,51948,-0.0837419925
S4,Downstream,0,,,,Forest,George,09/27/15,1,673235.514895,3989693.42888,576,51948,-0.0837419925
S4,Downstream,0,,,,Forest,George,09/27/15,1,673239.317601,3989690.0518,574,69120,-0.0837419925
S4,Downstream,0,,,,Forest,George,09/27/15,1,673242.41307,3989687.36501,574,69804,-0.0837419925
S4,Downstream,4,,,,Forest,George,09/27/15,1,673244.87539,3989683.31057,574,69804,-0.0837419925
S4,Downstream,7,20,,,Forest,George,09/27/15,1,673246.130155,3989679.3194,574,69804,-0.0837419925
S4,Downstream,10,20,,,Forest,George,09/27/15,1,673250.838184,3989679.11053,575,70020,-0.0837419925
S4,Downstream,15,30,,,Forest,George,09/27/15,1,673252.542075,3989675.13467,573,70020,-0.0837419925
S4,Downstream,7,10,,,Forest,George,09/27/15,1,673256.038082,3989671.42326,572,70380,-0.0837419925
S4,Downstream,0,,,,Forest,George,09/27/15,1,673257.410143,3989667.90106,572,70380,-0.0837419925
S4,Downstream,0,,,,Forest,George,09/27/15,1,673261.599475,3989664.95712,571,70884,-0.0837419925
S4,Downstream,0,,,,Forest,George,09/27/15,1,673262.874483,3989660.68091,571,70884,-0.0837419925
S4,Downstream,17,,,,Forest,George,09/27/15,1,673265.576937,3989657.80869,571,71172,-0.0837419925
S4,Downstream,0,,,,Forest,George,09/27/15,1,673269.494301,3989655.13549,570,71316,-0.0837419925
S4,Downstream,11,10,,,Forest,George,09/27/15,1,673272.544624,3989651.29476,570,71388,-0.0837419925
S4,Downstream,11,,,,Forest,George,09/27/15,1,673275.165383,3989648.5065,570,71388,-0.0837419925
S4,Downstream,0,,,,Forest,George,09/27/15,1,673279.221133,3989646.71298,569,72360,-0.0837419925
S4,Downstream,33,,,,Forest,George,09/27/15,1,673282.69038,3989643.48125,569,72360,-0.0837419925
S5,Downstream,30,10,,,Forest,George,09/27/15,2,673284.922119,3989639.65687,567,72648,-0.036625824
S5,Downstream,14,,,,Forest,George,09/27/15,2,673286.834824,3989635.93484,567,72648,-0.036625824
S5,Downstream,25,,,,Forest,George,09/27/15,2,673288.539428,3989631.9469,567,130716,-0.036625824
S5,Downstream,29,,,,Forest,George,09/27/15,2,673292.43385,3989631.52166,568,130716,-0.036625824
S5,Downstream,39,,,,Forest,George,09/27/15,2,673295.838212,3989633.05261,568,130716,-0.036625824
S5,Downstream,35,,,Human made channel?,Forest,George,09/27/15,2,673298.953237,3989632.29769,567,131760,-0.036625824
S5,Downstream,31,,,,Forest,George,09/27/15,2,673303.558366,3989632.5081,567,131976,-0.036625824
S5,Downstream,26,,,,Forest,George,09/27/15,2,673307.742071,3989632.80672,567,131976,-0.036625824
S5,Downstream,54,,,,Forest,George,09/27/15,2,673311.761575,3989630.02458,566,157788,-0.036625824
S5,Downstream,40,,,,Forest,George,09/27/15,2,673314.388342,3989632.53043,565,157788,-0.036625824
S5,Downstream,0,,,,Forest,George,09/27/15,2,673317.445992,3989633.40653,565,158652,-0.036625824
S5,Downstream,26,,,,Forest,George,09/27/15,2,673319.898399,3989636.67114,565,158652,-0.036625824
S5,Downstream,0,,,,Forest,George,09/27/15,2,673323.552215,3989638.52354,566,158724,-0.036625824
S5,Downstream,9,50,,,Forest,George,09/27/15,2,673327.486166,3989639.55547,566,158724,-0.036625824
S5,Downstream,29,,,,Forest,George,09/27/15,2,673329.367205,3989641.38227,566,158724,-0.036625824
S5,Downstream,6,,,,Forest,George,09/27/15,2,673334.287319,3989642.08289,566,159588,-0.036625824
S5,Downstream,14,40,,,Forest,George,09/27/15,2,673337.974926,3989644.4327,564,160452,-0.036625824
S5,Downstream,0,,,,Forest,George,09/27/15,2,673341.376027,3989644.8738,564,160452,-0.036625824
S5,Downstream,38,,,,Forest,George,09/27/15,2,673344.951835,3989645.20904,564,160488,-0.036625824
S5,Downstream,52,,,,Forest,George,09/27/15,2,673349.999134,3989644.37702,563,162576,-0.036625824
S5,Downstream,19,50,,,Forest,George,09/27/15,2,673354.270877,3989643.50005,567,162576,-0.036625824
S5,Downstream,0,,,,Forest,George,09/27/15,2,673358.416113,3989644.43584,565,162576,-0.036625824
S5,Downstream,34,,,,Forest,George,09/27/15,2,673358.279601,3989648.56985,565,163116,-0.036625824
S5,Downstream,25,10,,,Forest,George,09/27/15,2,673360.595548,3989652.30287,564,163116,-0.036625824
S5,Downstream,23,,,,Forest,George,09/27/15,2,673364.201344,3989654.73708,564,163476,-0.036625824
S5,Downstream,0,,,,Forest,George,09/27/15,2,673366.534401,3989654.34816,564,163476,-0.036625824
S5,Downstream,23,10,,,Forest,George,09/27/15,2,673366.138564,3989660.0142,562,163476,-0.036625824
S5,Downstream,48,,,Gauge,Forest,George,09/27/15,2,673369.443563,3989661.45444,562,164016,-0.036625824
S5,Downstream,42,,,,Forest,George,09/27/15,2,673370.844597,3989666.05432,562,164016,-0.036625824
S5,Downstream,33,,,,Forest,George,09/27/15,2,673374.289015,3989667.49564,562,164520,-0.036625824
S5,Downstream,0,,,,Forest,George,09/27/15,2,673377.711774,3989670.95368,562,164520,-0.036625824
S5,Downstream,19,,,,Forest,George,09/27/15,2,673380.674686,3989673.51159,562,165564,-0.036625824
S5,Downstream,22,,,,Forest,George,09/27/15,2,673381.128787,3989676.71773,561,165564,-0.036625824
S5,Downstream,12,,,,Forest,George,09/27/15,2,673384.128747,3989675.94681,561,165564,-0.036625824
S5,Downstream,29,,,,Forest,George,09/27/15,2,673385.382057,3989680.21727,561,173016,-0.036625824
S5,Downstream,0,,,,Forest,George,09/27/15,2,673389.163044,3989679.3649,562,173016,-0.036625824
S5,Downstream,18,10,,,Forest,George,09/27/15,2,673390.97757,3989680.21446,562,173016,-0.036625824
S5,Downstream,21,,,,Forest,George,09/27/15,2,673395.177303,3989682.46423,561,173232,-0.036625824
S5,Downstream,32,,,,Forest,George,09/27/15,2,673399.549671,3989684.45738,561,173304,-0.036625824
S5,Downstream,9,10,,,Forest,George,09/27/15,2,673402.401075,3989682.93009,561,173304,-0.036625824
S5,Downstream,9,10,,,Forest,George,09/27/15,2,673406.997974,3989684.30322,561,173340,-0.036625824
S5,Downstream,20,,,,Forest,George,09/27/15,2,673410.463677,3989681.64012,561,173340,-0.036625824
S5,Downstream,6,20,,,Forest,George,09/27/15,2,673414.261044,3989682.95006,560,173340,-0.036625824
S5,Downstream,32,,,,Forest,George,09/27/15,2,673418.085604,3989685.1185,560,176292,-0.036625824
S5,Downstream,26,,,,Forest,George,09/27/15,2,673421.730093,3989684.39995,558,176292,-0.036625824
S5,Downstream,7,,,,Forest,George,09/27/15,2,673425.079308,3989687.05862,558,176760,-0.036625824
S5,Downstream,0,,,,Forest,George,09/27/15,2,673427.444328,3989689.835,559,176760,-0.036625824
S5,Downstream,0,,,,Forest,George,09/27/15,2,673431.631723,3989691.54108,559,177048,-0.036625824
S5,Downstream,23,,,,Forest,George,09/27/15,2,673434.032044,3989695.05283,559,177048,-0.036625824
S5,Downstream,6,20,,,Forest,George,09/27/15,2,673437.227652,3989696.25765,558,177372,-0.036625824
S5,Downstream,26,10,,,Forest,George,09/27/15,2,673440.868279,3989698.94784,558,177588,-0.036625824
S5,Downstream,0,,,,Forest,George,09/27/15,2,673445.401332,3989697.90595,558,177588,-0.036625824
S5,Downstream,0,,,,Forest,George,09/27/15,2,673449.618105,3989696.53541,558,177588,-0.036625824
S5,Downstream,0,,,,Forest,George,09/27/15,2,673453.611104,3989698.44474,558,177696,-0.036625824
S5,Downstream,13,10,,,Forest,George,09/27/15,2,673456.336576,3989699.63927,558,177696,-0.036625824
S5,Downstream,24,,,,Forest,George,09/27/15,2,673455.79266,3989704.12557,558,177696,-0.036625824
S5,Downstream,17,,,,Forest,George,09/27/15,2,673456.849351,3989708.14035,557,193464,-0.036625824
S5,Downstream,28,20,,,Forest,George,09/27/15,2,673459.287682,3989711.29729,557,193500,-0.036625824
S5,Downstream,0,,,,Forest,George,09/27/15,2,673462.701736,3989712.68634,557,193500,-0.036625824
S5,Downstream,23,,,,Forest,George,09/27/15,2,673466.060023,3989713.03475,557,193536,-0.036625824
S5,Downstream,0,,,,Forest,George,09/27/15,2,673469.850494,3989712.76913,557,193536,-0.036625824
S5,Downstream,8,,,,Forest,George,09/27/15,2,673471.828691,3989709.30767,557,193572,-0.036625824
S5,Downstream,7,,,,Forest,George,09/27/15,2,673475.910115,3989708.33166,556,193572,-0.036625824
S5,Downstream,10,,,,Forest,George,09/27/15,2,673479.910464,3989708.324,555,195264,-0.036625824
S5,Downstream,7,,,,Forest,George,09/27/15,2,673482.100782,3989704.68362,556,195264,-0.036625824
S5,Downstream,4,,,,Forest,George,09/27/15,2,673485.772317,3989705.84227,556,195372,-0.036625824
S5,Downstream,31,,,,Forest,George,09/27/15,2,673489.994586,3989705.85732,556,195372,-0.036625824
S5,Downstream,18,10,,,Forest,George,09/27/15,2,673493.921917,3989707.14422,556,195372,-0.036625824
S5,Downstream,40,,,,Forest,George,09/27/15,2,673497.475296,3989708.54358,556,197244,-0.036625824
S5,Downstream,0,,,,Forest,George,09/27/15,2,673500.046965,3989709.73009,555,197244,-0.036625824
S5,Downstream,30,,,,Forest,George,09/27/15,2,673503.663095,3989712.4044,554,267480,-0.036625824
S5,Downstream,16,40,,,Forest,George,09/27/15,2,673505.799374,3989715.81573,555,267480,-0.036625824
S5,Downstream,31,10,,,Forest,George,09/27/15,2,673506.996207,3989720.25412,555,267480,-0.036625824
S5,Downstream,26,,,,Forest,George,09/27/15,2,673507.227331,3989723.50225,555,267480,-0.036625824
S5,Downstream,10,10,,,Forest,George,09/27/15,2,673506.129899,3989726.86105,555,267480,-0.036625824
S5,Downstream,45,,,,Forest,George,09/27/15,2,673506.881688,3989731.12805,555,267516,-0.036625824
S5,Downstream,58,,,,Forest,George,09/27/15,2,673506.910613,3989734.70989,555,267552,-0.036625824
S5,Downstream,14,,,,Forest,George,09/27/15,2,673505.883546,3989738.26628,555,267552,-0.036625824
S5,Downstream,5,,,,Forest,George,09/27/15,2,673505.58871,3989741.46483,555,267588,-0.036625824
S5,Downstream,36,,,,Forest,George,09/27/15,2,673502.577856,3989744.40446,555,267588,-0.036625824
S5,Downstream,8,,,,Forest,George,09/27/15,2,673502.269041,3989747.8996,555,267624,-0.036625824
S5,Downstream,21,,,,Forest,George,09/27/15,2,673501.480577,3989751.46926,554,302832,-0.036625824
S5,Downstream,36,,,,Forest,George,09/27/15,2,673504.39178,3989753.59426,555,302832,-0.036625824
S5,Downstream,27,,,,Forest,George,09/27/15,2,673503.106017,3989758.09874,555,302904,-0.036625824
S5,Downstream,24,50,,,Forest,George,09/27/15,2,673503.53187,3989760.81203,555,302904,-0.036625824
S5,Downstream,10,,,,Forest,George,09/27/15,2,673506.119794,3989763.33116,554,302904,-0.036625824
S5,Downstream,28,,,,Forest,George,09/27/15,2,673505.185563,3989766.18169,554,302940,-0.036625824
S5,Downstream,22,,,,Forest,George,09/27/15,2,673503.259186,3989770.36796,554,302940,-0.036625824
S5,Downstream,24,,,,Forest,George,09/27/15,2,673501.303219,3989773.02915,553,302940,-0.036625824
S5,Downstream,32,,,,Forest,George,09/27/15,2,673500.686701,3989776.68267,553,305244,-0.036625824
S5,Downstream,14,,,,Forest,George,09/27/15,2,673503.633756,3989779.07262,554,305244,-0.036625824
S5,Downstream,0,,,,Forest,George,09/27/15,2,673504.404697,3989783.66528,554,305460,-0.036625824
S5,Downstream,36,,,,Forest,George,09/27/15,2,673504.127,3989787.25958,552,305460,-0.036625824
S5,Downstream,0,,,,Forest,George,09/27/15,2,673505.844117,3989791.30463,552,308376,-0.036625824
S5,Downstream,0,,Road 2,,Forest,George,09/27/15,2,673502.864599,3989794.96657,551,308376,-0.036625824
S5,Downstream,0,,,,Forest,George,09/27/15,2,673502.503411,3989798.97228,551,308376,-0.036625824
S5,Downstream,38,,,,Forest,George,09/27/15,2,673499.929909,3989802.19024,552,309960,-0.036625824
S5,Downstream,43,50,,,Forest,George,09/27/15,2,673498.838748,3989806.24865,551,309960,-0.036625824
S5,Downstream,18,,,,Forest,George,09/27/15,2,673497.45878,3989809.89307,551,309960,-0.036625824
S5,Downstream,21,,,,Forest,George,09/27/15,2,673497.696299,3989813.52864,552,309960,-0.036625824
S5,Downstream,0,,,,Forest,George,09/27/15,2,673497.712846,3989818.17362,551,310032,-0.036625824
S5,Downstream,0,,,,Forest,George,09/27/15,2,673495.878564,3989821.53704,551,310140,-0.036625824
S5,Downstream,14,,,,Forest,George,09/27/15,2,673498.398233,3989824.5166,552,310140,-0.036625824
S5,Downstream,0,,,,Forest,George,09/27/15,2,673501.059034,3989827.52903,552,310140,-0.036625824
S5,Downstream,0,,,,Forest,George,09/27/15,2,673504.154169,3989830.44273,551,310140,-0.036625824
S5,Downstream,0,,,,Forest,George,09/27/15,2,673507.29201,3989828.76455,551,310140,-0.036625824
S5,Downstream,0,,,,Forest,George,09/27/15,2,673510.390177,3989828.04855,550,310140,-0.036625824
S5,Downstream,0,,,,Forest,George,09/27/15,2,673513.582097,3989824.96736,551,312696,-0.036625824
S5,Downstream,26,,,,Forest,George,09/27/15,2,673516.310906,3989823.77661,551,312696,-0.036625824
S5,Downstream,4,,,,Forest,George,09/27/15,2,673522.615828,3989822.47373,550,312768,-0.036625824
S5,Downstream,60,,,,Forest,George,09/27/15,2,673526.259431,3989821.17357,550,312768,-0.036625824
S5,Downstream,0,,,,Forest,George,09/27/15,2,673528.034066,3989824.70239,550,312768,-0.036625824
S5,Downstream,51,,,,Forest,George,09/27/15,2,673532.824202,3989825.57057,549,312804,-0.036625824
S5,Downstream,24,10,,,Forest,George,09/27/15,2,673536.191803,3989823.50087,551,312804,-0.036625824
S5,Downstream,11,10,,,Forest,George,09/27/15,2,673539.585182,3989825.30793,549,312804,-0.036625824
S5,Downstream,6,20,,,Forest,George,09/27/15,2,673539.925566,3989829.26505,549,313236,-0.036625824
S5,Downstream,50,,,,Forest,George,09/27/15,2,673544.455001,3989829.40106,552,313236,-0.036625824
S5,Downstream,48,60,,,Forest,George,09/27/15,2,673547.843451,3989832.06289,550,313236,-0.036625824
S5,Downstream,0,,,,Forest,George,09/27/15,2,673550.813395,3989835.00265,552,313416,-0.036625824
S5,Downstream,0,,,,Forest,George,09/27/15,2,673554.489968,3989836.68248,550,313704,-0.036625824
S5,Downstream,31,,,,Forest,George,09/27/15,2,673554.515507,3989840.99449,550,313704,-0.036625824
S5,Downstream,0,,,,Forest,George,09/27/15,2,673557.857164,3989843.26942,551,320400,-0.036625824
S5,Downstream,0,,,,Forest,George,09/27/15,2,673560.543627,3989846.92416,551,320400,-0.036625824
S5,Downstream,0,,,,Forest,George,09/27/15,2,673564.277286,3989849.35822,550,320400,-0.036625824
S5,Downstream,0,,,,Forest,George,09/27/15,2,673565.455704,3989852.19661,550,320400,-0.036625824
S5,Downstream,6,,,,Forest,George,09/27/15,2,673566.388414,3989855.85471,550,320652,-0.036625824
S5,Downstream,16,,,,Forest,George,09/27/15,2,673565.270768,3989860.03401,550,320652,-0.036625824
S5,Downstream,0,,,,Forest,George,09/27/15,2,673567.203414,3989864.20364,548,320868,-0.036625824
S5,Downstream,33,,,,Forest,George,09/27/15,2,673569.069913,3989866.64182,549,320868,-0.036625824
S5,Downstream,65,,,,Forest,George,09/27/15,2,673567.57452,3989870.43797,549,321048,-0.036625824
S5,Downstream,0,,,,Forest,George,09/27/15,2,673564.570135,3989872.50963,548,321048,-0.036625824
S5,Downstream,0,,,,Forest,George,09/27/15,2,673562.54442,3989876.45444,548,321084,-0.036625824
S5,Downstream,0,,,,Forest,George,09/27/15,2,673561.246733,3989880.18504,548,321120,-0.036625824
S5,Downstream,0,,,,Forest,George,09/27/15,2,673561.5957,3989883.92636,548,321120,-0.036625824
S5,Downstream,26,,,,Forest,George,09/27/15,2,673561.093885,3989887.16632,547,323928,-0.036625824
S6,Upstream,11,50,,Narrow channel but high flow,Forest,Eric,09/27/15,1,673556.864366,3989887.50822,548,87192,0.1348332453
S6,Upstream,12,20,,,Forest,Eric,09/27/15,1,673552.453021,3989886.97679,548,87192,0.1348332453
S6,Upstream,0,,,,Forest,Eric,09/27/15,1,673549.83102,3989890.20897,548,87192,0.1348332453
S6,Upstream,0,,,,Forest,Eric,09/27/15,1,673545.890124,3989891.13812,549,77544,0.1348332453
S6,Upstream,0,,,,Forest,Eric,09/27/15,1,673542.191049,3989891.61693,550,77256,0.1348332453
S6,Upstream,20,10,,,Forest,Eric,09/27/15,1,673539.114447,3989892.42845,550,77256,0.1348332453
S6,Upstream,0,,,,Forest,Eric,09/27/15,1,673537.240535,3989888.00063,550,77184,0.1348332453
S6,Upstream,0,,,,Forest,Eric,09/27/15,1,673533.760464,3989886.36243,551,77184,0.1348332453
S6,Upstream,0,,,,Forest,Eric,09/27/15,1,673529.312837,3989887.83777,551,77148,0.1348332453
S6,Upstream,0,,,,Forest,Eric,09/27/15,1,673525.106772,3989888.21534,551,77040,0.1348332453
S6,Upstream,0,,,,Forest,Eric,09/27/15,1,673521.303921,3989890.70935,551,77040,0.1348332453
S6,Upstream,0,,,,Forest,Eric,09/27/15,1,673517.738353,3989890.06672,552,76752,0.1348332453
S6,Upstream,0,,,,Forest,Eric,09/27/15,1,673513.425098,3989889.34281,552,76752,0.1348332453
S6,Upstream,0,,,,Forest,Eric,09/27/15,1,673509.546804,3989890.09664,552,76716,0.1348332453
S6,Upstream,0,,,,Forest,Eric,09/27/15,1,673506.57557,3989890.87641,552,76716,0.1348332453
S6,Upstream,0,,,,Forest,Eric,09/27/15,1,673502.875955,3989891.32349,553,76716,0.1348332453
S6,Upstream,13,,,,Forest,Eric,09/27/15,1,673498.840545,3989891.76814,554,75348,0.1348332453
S6,Upstream,11,10,,,Forest,Eric,09/27/15,1,673495.645591,3989892.75779,554,75348,0.1348332453
S6,Upstream,14,,,,Forest,Eric,09/27/15,1,673491.456184,3989892.26618,555,75312,0.1348332453
S6,Upstream,13,,,,Forest,Eric,09/27/15,1,673487.223393,3989892.51871,556,74088,0.1348332453
S6,Upstream,21,,,,Forest,Eric,09/27/15,1,673483.280417,3989894.54231,556,74088,0.1348332453
S6,Upstream,5,,,,Forest,Eric,09/27/15,1,673480.39523,3989896.82311,556,74088,0.1348332453
S6,Upstream,0,,,,Forest,Eric,09/27/15,1,673478.003914,3989899.72727,556,74016,0.1348332453
S6,Upstream,0,,,,Forest,Eric,09/27/15,1,673474.95493,3989900.91569,558,73440,0.1348332453
S6,Upstream,8,,,,Forest,Eric,09/27/15,1,673471.800491,3989902.66901,556,73440,0.1348332453
S6,Upstream,19,,,,Forest,Eric,09/27/15,1,673467.819061,3989904.09435,557,50976,0.1348332453
S6,Upstream,0,,,,Forest,Eric,09/27/15,1,673463.325755,3989905.13235,557,50904,0.1348332453
S6,Upstream,0,,,,Forest,Eric,09/27/15,1,673458.995816,3989906.36879,558,50472,0.1348332453
S6,Upstream,9,,,,Forest,Eric,09/27/15,1,673456.594639,3989904.30771,558,50472,0.1348332453
S6,Upstream,8,,,,Forest,Eric,09/27/15,1,673453.047934,3989904.64386,558,50472,0.1348332453
S6,Upstream,10,,,,Forest,Eric,09/27/15,1,673451.218528,3989907.38413,558,50472,0.1348332453
S6,Upstream,5,,,,Forest,Eric,09/27/15,1,673448.100743,3989909.60884,559,50256,0.1348332453
S6,Upstream,0,,,,Forest,Eric,09/27/15,1,673445.040259,3989911.88962,559,49932,0.1348332453
S6,Upstream,0,,,,Forest,Eric,09/27/15,1,673441.100027,3989910.67162,559,49932,0.1348332453
S6,Upstream,0,,,,Forest,Eric,09/27/15,1,673436.66326,3989912.15544,560,49392,0.1348332453
S6,Upstream,0,,,,Forest,Eric,09/27/15,1,673432.731599,3989913.53961,561,49392,0.1348332453
S6,Upstream,0,,,,Forest,Eric,09/27/15,1,673428.571714,3989914.29035,561,49140,0.1348332453
S6,Upstream,0,,,,Forest,Eric,09/27/15,1,673425.056599,3989915.29921,562,49140,0.1348332453
S6,Upstream,0,,,,Forest,Eric,09/27/15,1,673421.626936,3989916.64071,562,47916,0.1348332453
S6,Upstream,0,,,,Forest,Eric,09/27/15,1,673418.565413,3989919.16141,562,47916,0.1348332453
S6,Upstream,6,,,,Forest,Eric,09/27/15,1,673415.277959,3989921.00112,562,47916,0.1348332453
S6,Upstream,0,,,,Forest,Eric,09/27/15,1,673411.632017,3989923.2659,564,47916,0.1348332453
S6,Upstream,19,,,,Forest,Eric,09/27/15,1,673411.440905,3989925.85191,563,47448,0.1348332453
S6,Upstream,20,,,,Forest,Eric,09/27/15,1,673411.014799,3989928.9947,563,47448,0.1348332453
S6,Upstream,17,,,,Forest,Eric,09/27/15,1,673408.66458,3989931.89615,564,47448,0.1348332453
S6,Upstream,4,,,,Forest,Eric,09/27/15,1,673409.715329,3989936.18792,564,41832,0.1348332453
S6,Upstream,0,,,,Forest,Eric,09/27/15,1,673406.160392,3989937.98972,564,41832,0.1348332453
S6,Upstream,20,,,,Forest,Eric,09/27/15,1,673403.245987,3989940.81553,564,41292,0.1348332453
S6,Upstream,0,,,,Forest,Eric,09/27/15,1,673400.422665,3989943.84878,566,40500,0.1348332453
S6,Upstream,20,,,,Forest,Eric,09/27/15,1,673400.082366,3989947.69843,566,40500,0.1348332453
S6,Upstream,0,,,,Forest,Eric,09/27/15,1,673398.965177,3989951.89562,567,40500,0.1348332453
S6,Upstream,0,,,,Forest,Eric,09/27/15,1,673399.803291,3989956.84883,568,39996,0.1348332453
S6,Upstream,14,,,,Forest,Eric,09/27/15,1,673399.053694,3989961.21354,569,39204,0.1348332453
S6,Upstream,17,,,,Forest,Eric,09/27/15,1,673395.723764,3989964.05833,569,38880,0.1348332453
S6,Upstream,22,,,,Forest,Eric,09/27/15,1,673392.276781,3989968.00947,570,38880,0.1348332453
S6,Upstream,23,,,,Forest,Eric,09/27/15,1,673387.917346,3989968.63831,570,38844,0.1348332453
S6,Upstream,49,30,,,Forest,Eric,09/27/15,1,673385.907014,3989973.11405,570,38844,0.1348332453
S6,Upstream,17,20,,,Forest,Eric,09/27/15,1,673381.724045,3989974.61012,572,38664,0.1348332453
S6,Upstream,22,10,,,Forest,Eric,09/27/15,1,673377.575943,3989975.86996,572,38664,0.1348332453
S6,Upstream,13,20,,,Forest,Eric,09/27/15,1,673373.181314,3989976.77933,576,27576,0.1348332453
S6,Upstream,25,20,,,Forest,Eric,09/27/15,1,673369.92951,3989980.12285,575,27576,0.1348332453
S6,Upstream,27,20,,,Forest,Eric,09/27/15,1,673366.462591,3989982.2519,575,27576,0.1348332453
S6,Upstream,40,,,,Forest,Eric,09/27/15,1,673362.3466,3989983.84376,579,26820,0.1348332453
S6,Upstream,0,,,,Forest,Eric,09/27/15,1,673358.201832,3989986.44006,575,26820,0.1348332453
S6,Upstream,4,,,,Forest,Eric,09/27/15,1,673354.059475,3989986.66648,580,26820,0.1348332453
S6,Upstream,7,40,,,Forest,Eric,09/27/15,1,673348.923198,3989988.73113,580,23004,0.1348332453
S6,Upstream,12,50,,,Forest,Eric,09/27/15,1,673345.055965,3989989.44841,582,23004,0.1348332453
S6,Upstream,7,,,,Forest,Eric,09/27/15,1,673341.400936,3989992.23463,581,22860,0.1348332453
S6,Upstream,0,,,,Forest,Eric,09/27/15,1,673336.638666,3989993.75945,583,22356,0.1348332453
S6,Upstream,19,,,,Forest,Eric,09/27/15,1,673332.623385,3989994.68,584,22356,0.1348332453
S6,Upstream,19,20,,,Forest,Eric,09/27/15,1,673328.225968,3989994.09391,584,12636,0.1348332453
S6,Upstream,23,20,,,Forest,Eric,09/27/15,1,673322.983896,3989994.73054,586,12384,0.1348332453
S6,Upstream,18,20,,,Forest,Eric,09/27/15,1,673318.893394,3989996.32868,589,12384,0.1348332453
S6,Upstream,10,20,,"Stream ends below channel head, which is slightly below Road 1",Forest,Eric,09/27/15,1,673314.353007,3989997.94646,590,11268,0.1348332453
S7,Downstream,35,,,"No more flags, pacing 5 m",Forest,Eric,09/27/15,2,673566.109732,3989886.86606,547,412416,-0.0404601555
S7,Downstream,45,,,"Wide, deep, stagnant stream, high suspended sediment, no rocks",Forest,Eric,09/27/15,2,673568.055856,3989891.87551,547,412416,-0.0404601555
S7,Downstream,52,,,,Forest,Eric,09/27/15,2,673569.623792,3989896.85195,547,413172,-0.0404601555
S7,Downstream,38,,,,Forest,Eric,09/27/15,2,673573.952459,3989900.15333,547,413172,-0.0404601555
S7,Downstream,48,,,,Forest,Eric,09/27/15,2,673577.466629,3989904.13952,547,413748,-0.0404601555
S7,Downstream,23,,,,Forest,Eric,09/27/15,2,673580.48089,3989908.3724,547,413748,-0.0404601555
S7,Downstream,60,,,,Forest,Eric,09/27/15,2,673579.241439,3989912.99043,545,413820,-0.0404601555
S7,Downstream,22,,,,Forest,Eric,09/27/15,2,673578.158387,3989918.21349,546,414720,-0.0404601555
S7,Downstream,50,,,,Forest,Eric,09/27/15,2,673582.852957,3989920.67402,546,414720,-0.0404601555
S7,Downstream,54,,,,Forest,Eric,09/27/15,2,673585.14833,3989925.79759,547,414828,-0.0404601555
S7,Downstream,51,,,,Forest,Eric,09/27/15,2,673588.658841,3989929.49872,547,420300,-0.0404601555
S7,Downstream,33,,,,Forest,Eric,09/27/15,2,673589.854366,3989935.50656,549,420300,-0.0404601555
S7,Downstream,0,,,,Forest,Eric,09/27/15,2,673593.937874,3989937.24884,546,420912,-0.0404601555
S7,Downstream,56,,,,Forest,Eric,09/27/15,2,673598.945232,3989939.78959,546,421056,-0.0404601555
S7,Downstream,45,10,,,Forest,Eric,09/27/15,2,673603.713623,3989941.16999,545,421056,-0.0404601555
S7,Downstream,77,,,,Forest,Eric,09/27/15,2,673608.851994,3989938.88157,546,421092,-0.0404601555
S7,Downstream,92,,,,Forest,Eric,09/27/15,2,673614.687413,3989940.31606,546,421704,-0.0404601555
S7,Downstream,56,,,,Forest,Eric,09/27/15,2,673620.123528,3989942.01943,544,425520,-0.0404601555
S7,Downstream,45,,,,Forest,Eric,09/27/15,2,673624.024133,3989945.28295,544,435960,-0.0404601555
S7,Downstream,77,,,,Forest,Eric,09/27/15,2,673629.798865,3989945.96271,544,436140,-0.0404601555
S7,Downstream,92,,,,Forest,Eric,09/27/15,2,673634.175613,3989947.98049,543,441432,-0.0404601555
S7,Downstream,56,,,,Forest,Eric,09/27/15,2,673639.093722,3989947.45738,547,441432,-0.0404601555
S7,Downstream,57,,,,Forest,Eric,09/27/15,2,673643.417795,3989951.25689,545,442332,-0.0404601555
S7,Downstream,0,,,"Steeper channel with has rocky bed, more shallow and narrow",Forest,Eric,09/27/15,2,673646.017923,3989956.27309,545,442332,-0.0404601555
S7,Downstream,49,10,,,Forest,Eric,09/27/15,2,673649.146678,3989959.65551,545,443160,-0.0404601555
S7,Downstream,43,10,,,Forest,Eric,09/27/15,2,673647.359839,3989964.8774,543,444204,-0.0404601555
S7,Downstream,5,,,,Forest,Eric,09/27/15,2,673644.747597,3989969.45502,542,444204,-0.0404601555
S7,Downstream,13,,,,Forest,Eric,09/27/15,2,673650.594304,3989971.23313,542,445212,-0.0404601555
S7,Downstream,36,,,,Forest,Eric,09/27/15,2,673655.932194,3989972.11479,542,445212,-0.0404601555
S7,Downstream,25,,,,Forest,Eric,09/27/15,2,673658.736329,3989975.89508,540,446940,-0.0404601555
S7,Downstream,15,10,,,Forest,Eric,09/27/15,2,673663.612676,3989972.97391,540,446940,-0.0404601555
S7,Downstream,0,,,,Forest,Eric,09/27/15,2,673667.401858,3989976.1003,540,448560,-0.0404601555
S7,Downstream,11,,,,Forest,Eric,09/27/15,2,673672.961682,3989976.28875,540,448956,-0.0404601555
S7,Downstream,17,,,,Forest,Eric,09/27/15,2,673674.787976,3989980.62244,539,448956,-0.0404601555
S7,Downstream,27,10,,,Forest,Eric,09/27/15,2,673678.281883,3989982.51922,539,448956,-0.0404601555
S7,Downstream,21,20,,,Forest,Eric,09/27/15,2,673685.309526,3989984.79761,539,451548,-0.0404601555
S7,Downstream,20,30,,,Forest,Eric,09/27/15,2,673689.935371,3989985.66419,539,451548,-0.0404601555
S7,Downstream,10,20,,,Forest,Eric,09/27/15,2,673695.069962,3989987.64441,538,452052,-0.0404601555
S7,Downstream,63,,,,Forest,Eric,09/27/15,2,673699.106668,3989989.62686,539,466704,-0.0404601555
S7,Downstream,38,,,,Forest,Eric,09/27/15,2,673704.554331,3989990.94975,539,466920,-0.0404601555
S7,Downstream,13,50,,,Forest,Eric,09/27/15,2,673709.492166,3989990.1625,539,466920,-0.0404601555
S7,Downstream,74,50,,,Forest,Eric,09/27/15,2,673710.951046,3989994.41457,538,466920,-0.0404601555
S7,Downstream,24,10,,,Forest,Eric,09/27/15,2,673713.864828,3989998.72353,537,466956,-0.0404601555
S7,Downstream,13,,,,Forest,Eric,09/27/15,2,673715.386107,3990003.21977,537,466956,-0.0404601555
S7,Downstream,103,,,,Forest,Eric,09/27/15,2,673719.792976,3990006.96812,537,467964,-0.0404601555
S7,Downstream,87,40,,,Forest,Eric,09/27/15,2,673720.390826,3990012.28795,535,468216,-0.0404601555
S7,Downstream,35,,,,Forest,Eric,09/27/15,2,673724.346969,3990013.29498,536,468216,-0.0404601555
S7,Downstream,25,,,,Forest,Eric,09/27/15,2,673727.004056,3990008.31164,536,468324,-0.0404601555
S7,Downstream,56,30,,,Forest,Eric,09/27/15,2,673732.29764,3990008.86686,536,468396,-0.0404601555
S7,Downstream,0,,,,Forest,Eric,09/27/15,2,673735.85516,3990013.17049,536,468396,-0.0404601555
S7,Downstream,0,,,,Forest,Eric,09/27/15,2,673739.764541,3990016.66074,536,468396,-0.0404601555
S7,Downstream,0,,,,Forest,Eric,09/27/15,2,673743.866841,3990019.38485,538,468396,-0.0404601555
S7,Downstream,0,,,,Forest,Eric,09/27/15,2,673748.502311,3990017.68994,537,469764,-0.0404601555
S7,Downstream,0,,,,Forest,Eric,09/27/15,2,673753.803151,3990019.98046,536,471204,-0.0404601555
S7,Downstream,0,,,,Forest,Eric,09/27/15,2,673756.740328,3990023.27089,536,471240,-0.0404601555
S8,Upstream,53,,,"Lots of flow, very windy in a floodplain. Grassy banks but under trees",Forest,Eric,09/27/15,3,673759.12147,3990027.78484,537,662760,0.0604372596
S8,Upstream,66,,,,Forest,Eric,09/27/15,3,673755.049142,3990028.74824,536,662760,0.0604372596
S8,Upstream,52,,,,Forest,Eric,09/27/15,3,673750.444566,3990027.73301,536,662760,0.0604372596
S8,Upstream,50,,,,Forest,Eric,09/27/15,3,673745.68525,3990028.34543,537,659448,0.0604372596
S8,Upstream,40,,,,Forest,Eric,09/27/15,3,673743.650969,3990032.3059,538,658620,0.0604372596
S8,Upstream,53,,,,Forest,Eric,09/27/15,3,673746.307086,3990036.27073,538,658620,0.0604372596
S8,Upstream,33,,,,Forest,Eric,09/27/15,3,673751.135405,3990036.12867,537,658620,0.0604372596
S8,Upstream,65,,,,Forest,Eric,09/27/15,3,673755.7665,3990037.31101,536,658584,0.0604372596
S8,Upstream,32,,,,Forest,Eric,09/27/15,3,673760.15137,3990036.21308,536,662760,0.0604372596
S8,Upstream,48,,,,Forest,Eric,09/27/15,3,673764.249893,3990038.45382,536,662760,0.0604372596
S8,Upstream,86,,,,Forest,Eric,09/27/15,3,673765.484759,3990043.12417,539,658584,0.0604372596
S8,Upstream,42,,,,Forest,Eric,09/27/15,3,673761.567279,3990046.06683,537,658440,0.0604372596
S8,Upstream,49,40,,,Forest,Eric,09/27/15,3,673758.644675,3990050.05253,538,658404,0.0604372596
S8,Upstream,95,,,,Forest,Eric,09/27/15,3,673756.727906,3990054.20965,539,658404,0.0604372596
S8,Upstream,107,,,,Forest,Eric,09/27/15,3,673755.502821,3990059.16309,539,658368,0.0604372596
S8,Upstream,56,,,,Forest,Eric,09/27/15,3,673753.623008,3990063.53868,537,658368,0.0604372596
S8,Upstream,40,,,,Forest,Eric,09/27/15,3,673749.401479,3990064.2542,538,658368,0.0604372596
S8,Upstream,39,,,,Forest,Eric,09/27/15,3,673746.534166,3990067.18759,539,658224,0.0604372596
S8,Upstream,40,20,,,Forest,Eric,09/27/15,3,673742.354039,3990068.62962,539,658224,0.0604372596
S8,Upstream,72,,,,Forest,Eric,09/27/15,3,673739.518234,3990072.2385,539,658116,0.0604372596
S8,Upstream,39,,,,Forest,Eric,09/27/15,3,673736.167719,3990070.65405,538,658116,0.0604372596
S8,Upstream,30,,,,Forest,Eric,09/27/15,3,673734.83963,3990066.65327,538,658116,0.0604372596
S8,Upstream,56,,,,Forest,Eric,09/27/15,3,673731.354328,3990066.27171,539,658116,0.0604372596
S8,Upstream,48,,,,Forest,Eric,09/27/15,3,673732.345492,3990061.48254,539,658224,0.0604372596
S8,Upstream,55,,,,Forest,Eric,09/27/15,3,673730.049627,3990058.65594,539,658224,0.0604372596
S8,Upstream,82,50,,,Forest,Eric,09/27/15,3,673725.97654,3990056.23694,539,654696,0.0604372596
S8,Upstream,88,,,,Forest,Eric,09/27/15,3,673722.503461,3990057.68611,539,654696,0.0604372596
S8,Upstream,62,,,,Forest,Eric,09/27/15,3,673721.096927,3990063.09152,539,654696,0.0604372596
S8,Upstream,31,,,,Forest,Eric,09/27/15,3,673720.36086,3990067.80729,539,655884,0.0604372596
S8,Upstream,38,,,,Forest,Eric,09/27/15,3,673716.420452,3990067.43137,539,654696,0.0604372596
S8,Upstream,35,30,,,Forest,Eric,09/27/15,3,673712.755954,3990069.35284,540,654660,0.0604372596
S8,Upstream,39,30,,,Forest,Eric,09/27/15,3,673708.164432,3990069.85918,540,654156,0.0604372596
S8,Upstream,31,,,,Forest,Eric,09/27/15,3,673707.073935,3990072.45145,540,654156,0.0604372596
S8,Upstream,61,,,,Forest,Eric,09/27/15,3,673708.108826,3990075.77899,540,654156,0.0604372596
S8,Upstream,64,,,,Forest,Eric,09/27/15,3,673703.85488,3990076.72561,540,653796,0.0604372596
S8,Upstream,73,,,,Forest,Eric,09/27/15,3,673699.650706,3990075.54166,540,653796,0.0604372596
S8,Upstream,67,,,,Forest,Eric,09/27/15,3,673697.198044,3990074.8928,540,653796,0.0604372596
S8,Upstream,12,,,,Forest,Eric,09/27/15,3,673693.708436,3990074.79705,539,653364,0.0604372596
S8,Upstream,28,,,,Forest,Eric,09/27/15,3,673689.317673,3990074.75592,540,653256,0.0604372596
S8,Upstream,54,,,,Forest,Eric,09/27/15,3,673686.801003,3990077.8896,541,653256,0.0604372596
S8,Upstream,60,40,,,Forest,Eric,09/27/15,3,673683.078568,3990079.88807,541,642276,0.0604372596
S8,Upstream,45,,,,Forest,Eric,09/27/15,3,673678.331197,3990079.50772,540,642276,0.0604372596
S8,Upstream,55,,,,Forest,Eric,09/27/15,3,673675.918421,3990083.36227,541,642276,0.0604372596
S8,Upstream,44,,,,Forest,Eric,09/27/15,3,673675.165221,3990088.1252,541,641700,0.0604372596
S8,Upstream,31,,,,Forest,Eric,09/27/15,3,673671.914124,3990091.25122,541,641700,0.0604372596
S8,Upstream,45,,,,Forest,Eric,09/27/15,3,673667.006522,3990091.3205,541,641628,0.0604372596
S8,Upstream,35,,,,Forest,Eric,09/27/15,3,673662.162935,3990090.03689,542,639972,0.0604372596
S8,Upstream,53,,,,Forest,Eric,09/27/15,3,673658.268157,3990092.18655,542,638208,0.0604372596
S8,Upstream,45,50,,,Forest,Eric,09/27/15,3,673656.808695,3990096.58923,542,638208,0.0604372596
S8,Upstream,56,40,,,Forest,Eric,09/27/15,3,673656.814305,3990101.68159,543,638208,0.0604372596
S8,Upstream,64,,,,Forest,Eric,09/27/15,3,673653.589372,3990104.26068,542,636660,0.0604372596
S8,Upstream,51,50,,,Forest,Eric,09/27/15,3,673652.951905,3990109.13798,542,636660,0.0604372596
S8,Upstream,56,,,,Forest,Eric,09/27/15,3,673650.475824,3990113.81896,544,636660,0.0604372596
S8,Upstream,34,10,,,Forest,Eric,09/27/15,3,673646.220614,3990112.60938,545,636264,0.0604372596
S8,Upstream,34,40,,,Forest,Eric,09/27/15,3,673641.774733,3990112.01629,544,636264,0.0604372596
S8,Upstream,79,,,,Forest,Eric,09/27/15,3,673638.354095,3990112.74894,544,631692,0.0604372596
S8,Upstream,61,,,,Forest,Eric,09/27/15,3,673633.497015,3990114.34608,545,631656,0.0604372596
S8,Upstream,93,40,,,Forest,Eric,09/27/15,3,673630.235044,3990117.50364,545,631008,0.0604372596
S8,Upstream,62,,,,Forest,Eric,09/27/15,3,673626.604759,3990117.29393,545,631008,0.0604372596
S8,Upstream,64,,,,Forest,Eric,09/27/15,3,673624.352793,3990116.28738,545,631008,0.0604372596
S8,Upstream,61,,,,Forest,Eric,09/27/15,3,673620.346118,3990118.57678,546,630720,0.0604372596
S8,Upstream,104,,,,Forest,Eric,09/27/15,3,673616.046701,3990116.14458,545,629784,0.0604372596
S8,Upstream,52,40,,,Forest,Eric,09/27/15,3,673611.814214,3990113.94643,545,629784,0.0604372596
S8,Upstream,61,40,,,Forest,Eric,09/27/15,3,673606.471022,3990113.86052,546,629280,0.0604372596
S8,Upstream,46,30,,,Forest,Eric,09/27/15,3,673601.686271,3990114.08087,548,627408,0.0604372596
S8,Upstream,37,,,,Forest,Eric,09/27/15,3,673597.547867,3990116.75986,551,627264,0.0604372596
S8,Upstream,75,40,,,Forest,Eric,09/27/15,3,673594.057066,3990120.07205,547,627264,0.0604372596
S8,Upstream,77,,,,Forest,Eric,09/27/15,3,673590.877595,3990123.3884,547,626832,0.0604372596
S8,Upstream,43,,,,Forest,Eric,09/27/15,3,673589.052473,3990127.42829,547,626832,0.0604372596
S8,Upstream,23,,,,Forest,Eric,09/27/15,3,673585.324778,3990130.87873,549,625176,0.0604372596
S8,Upstream,67,30,,,Forest,Eric,09/27/15,3,673580.384172,3990131.84266,549,625176,0.0604372596
S8,Upstream,85,10,,,Forest,Eric,09/27/15,3,673575.671597,3990131.50446,548,621432,0.0604372596
S8,Upstream,42,40,,,Forest,Eric,09/27/15,3,673572.599929,3990134.78477,554,621432,0.0604372596
S8,Upstream,46,,,,Forest,Eric,09/27/15,3,673573.164511,3990139.92659,551,619884,0.0604372596
S8,Upstream,75,50,,,Forest,Eric,09/27/15,3,673574.920817,3990144.43599,550,619884,0.0604372596
S8,Upstream,66,,,,Forest,Eric,09/27/15,3,673579.037948,3990146.31888,550,619884,0.0604372596
S8,Upstream,28,20,,,Forest,Eric,09/27/15,3,673579.641278,3990150.57752,550,616860,0.0604372596
S8,Upstream,53,40,,,Forest,Eric,09/27/15,3,673574.878807,3990151.12138,550,616860,0.0604372596
S8,Upstream,65,,,,Forest,Eric,09/27/15,3,673570.999331,3990153.91216,551,614088,0.0604372596
S8,Upstream,49,,,,Forest,Eric,09/27/15,3,673566.667113,3990154.96373,551,614088,0.0604372596
S8,Upstream,73,,,,Forest,Eric,09/27/15,3,673561.956217,3990154.7463,551,614088,0.0604372596
S8,Upstream,60,,,,Forest,Eric,09/27/15,3,673558.849187,3990157.75092,554,614088,0.0604372596
S8,Upstream,92,10,,,Forest,Eric,09/27/15,3,673558.308787,3990162.11665,553,614016,0.0604372596
S8,Upstream,65,,,,Forest,Eric,09/27/15,3,673557.020819,3990167.42101,553,613980,0.0604372596
S8,Upstream,60,,,,Forest,Eric,09/27/15,3,673558.325488,3990171.98884,554,613764,0.0604372596
S8,Upstream,40,,,,Forest,Eric,09/27/15,3,673557.64431,3990176.56819,554,613764,0.0604372596
S8,Upstream,15,,,,Forest,Eric,09/27/15,3,673558.30515,3990182.06559,554,613764,0.0604372596
S8,Upstream,52,,,End floodplain,Forest,Eric,09/27/15,3,673561.753476,3990184.34053,554,612468,0.0604372596
S8,Upstream,87,,20,,Forest,Eric,09/27/15,3,673563.703158,3990187.4449,554,612468,0.0604372596
S8,Upstream,80,,,,Forest,Eric,09/27/15,3,673559.217265,3990190.14589,556,612432,0.0604372596
S8,Upstream,73,,,,Forest,Eric,09/27/15,3,673558.311047,3990194.60126,556,612432,0.0604372596
S8,Upstream,71,,10,,Forest,Eric,09/27/15,3,673561.293961,3990198.10396,553,612180,0.0604372596
S8,Upstream,47,,30,,Forest,Eric,09/27/15,3,673563.193152,3990202.19725,556,612180,0.0604372596
S8,Upstream,96,,,,Forest,Eric,09/27/15,3,673564.815029,3990206.11625,556,601128,0.0604372596
S8,Upstream,59,50,,,Forest,Eric,09/27/15,3,673569.417956,3990208.16701,557,601128,0.0604372596
S8,Upstream,56,60,,,Forest,Eric,09/27/15,3,673571.556434,3990212.7479,557,600948,0.0604372596
S8,Upstream,102,,,,Forest,Eric,09/27/15,3,673574.703894,3990215.47312,556,600840,0.0604372596
S8,Upstream,14,,,,Forest,Eric,09/27/15,3,673577.066394,3990219.52332,556,600840,0.0604372596
S8,Upstream,70,,,,Forest,Eric,09/27/15,3,673580.094269,3990222.20178,563,599940,0.0604372596
S8,Upstream,70,,,,Forest,Eric,09/27/15,3,673578.778487,3990226.49757,561,599040,0.0604372596
S8,Upstream,31,,,,Forest,Eric,09/27/15,3,673574.674224,3990229.28978,557,599040,0.0604372596
S8,Upstream,23,20,,,Forest,Eric,09/27/15,3,673573.825023,3990234.07911,559,598428,0.0604372596
S8,Upstream,83,,,,Forest,Eric,09/27/15,3,673576.307158,3990238.84249,561,598392,0.0604372596
S8,Upstream,50,,,,Forest,Eric,09/27/15,3,673573.128361,3990241.10711,561,598392,0.0604372596
S8,Upstream,61,,,,Forest,Eric,09/27/15,3,673570.161614,3990244.5118,559,596412,0.0604372596
S8,Upstream,52,,,,Forest,Eric,09/27/15,3,673568.8662,3990248.21603,559,596412,0.0604372596
S8,Upstream,111,60,,,Forest,Eric,09/27/15,3,673566.549416,3990253.36385,561,595584,0.0604372596
S8,Upstream,31,,,,Forest,Eric,09/27/15,3,673566.908303,3990258.22814,563,593460,0.0604372596
S8,Upstream,80,30,,,Forest,Eric,09/27/15,3,673563.04119,3990260.90675,561,593460,0.0604372596
S8,Upstream,108,,,,Forest,Eric,09/27/15,3,673561.906055,3990265.75756,561,593424,0.0604372596
S8,Upstream,22,,,,Forest,Eric,09/27/15,3,673558.235556,3990268.47547,562,591444,0.0604372596
S8,Upstream,46,50,,,Forest,Eric,09/27/15,3,673556.681059,3990273.08415,562,591444,0.0604372596
S8,Upstream,63,50,,,Forest,Eric,09/27/15,3,673555.216944,3990277.82591,562,591408,0.0604372596
S8,Upstream,27,,,,Forest,Eric,09/27/15,3,673554.256479,3990282.04427,565,591408,0.0604372596
S8,Upstream,46,,MC,,Forest,Eric,09/27/15,3,673552.926977,3990285.98688,565,590472,0.0604372596
S8,Upstream,69,40,,,Forest,Eric,09/27/15,3,673550.73846,3990288.52092,565,589608,0.0604372596
S8,Upstream,52,,,,Forest,Eric,09/27/15,3,673550.948455,3990293.43997,565,589572,0.0604372596
S8,Upstream,34,,,,Forest,Eric,09/27/15,3,673553.828249,3990295.62531,567,589572,0.0604372596
S8,Upstream,62,,,,Forest,Eric,09/27/15,3,673553.028876,3990300.27957,569,588816,0.0604372596
S8,Upstream,86,40,,,Forest,Eric,09/27/15,3,673548.537307,3990301.12988,566,588816,0.0604372596
S8,Upstream,96,,,,Forest,Eric,09/27/15,3,673543.831278,3990302.63794,567,588816,0.0604372596
S8,Upstream,77,,,,Forest,Eric,09/27/15,3,673542.537873,3990307.36655,566,588456,0.0604372596
S8,Upstream,43,,,,Forest,Eric,09/27/15,3,673540.233999,3990311.59018,570,588456,0.0604372596
S8,Upstream,50,10,,,Forest,Eric,09/27/15,3,673536.129103,3990314.03436,569,585216,0.0604372596
S8,Upstream,69,,,,Forest,Eric,09/27/15,3,673531.380452,3990314.1123,569,575460,0.0604372596
S8,Upstream,51,20,,,Forest,Eric,09/27/15,3,673527.209914,3990313.76597,571,575460,0.0604372596
S8,Upstream,37,,,,Forest,Eric,09/27/15,3,673522.734101,3990314.16216,571,575352,0.0604372596
S8,Upstream,64,,,,Forest,Eric,09/27/15,3,673518.661138,3990313.53078,572,575028,0.0604372596
S8,Upstream,35,,MC,,Forest,Eric,09/27/15,3,673513.541226,3990314.98949,571,574668,0.0604372596
S8,Upstream,63,,MC,,Forest,Eric,09/27/15,3,673509.153322,3990315.99003,572,574668,0.0604372596
S8,Upstream,85,,,,Forest,Eric,09/27/15,3,673504.561872,3990314.50497,572,572580,0.0604372596
S8,Upstream,58,50,,,Forest,Eric,09/27/15,3,673499.69986,3990314.39501,573,572580,0.0604372596
S8,Upstream,150,70,,,Forest,Eric,09/27/15,3,673496.361657,3990317.70803,573,571284,0.0604372596
S8,Upstream,111,30,,,Forest,Eric,09/27/15,3,673492.371751,3990320.95111,573,571140,0.0604372596
S8,Upstream,80,,,,Forest,Eric,09/27/15,3,673487.756374,3990320.84404,572,570384,0.0604372596
S8,Upstream,62,50,,,Forest,Eric,09/27/15,3,673482.769748,3990319.14697,574,570384,0.0604372596
S8,Upstream,89,,,,Forest,Eric,09/27/15,3,673478.671939,3990321.20212,575,569304,0.0604372596
S8,Upstream,68,,,Dry tributary channel to the west,Forest,Eric,09/27/15,3,673473.928697,3990321.07987,575,569088,0.0604372596
S8,Upstream,66,,,,Forest,Eric,09/27/15,3,673469.800833,3990322.93678,575,568764,0.0604372596
S8,Upstream,41,,,,Forest,Eric,09/27/15,3,673464.22983,3990321.80303,577,568476,0.0604372596
S8,Upstream,71,,,,Forest,Eric,09/27/15,3,673460.974594,3990324.2716,577,568476,0.0604372596
S8,Upstream,57,50,,,Forest,Eric,09/27/15,3,673458.559388,3990328.14769,579,568476,0.0604372596
S8,Upstream,41,,,,Forest,Eric,09/27/15,3,673454.321516,3990331.09645,578,567828,0.0604372596
S8,Upstream,82,40,,,Forest,Eric,09/27/15,3,673449.989793,3990331.85942,578,567792,0.0604372596
S8,Upstream,78,,,,Forest,Eric,09/27/15,3,673445.104745,3990332.20837,580,565848,0.0604372596
S8,Upstream,67,,,,Forest,Eric,09/27/15,3,673440.031895,3990333.09807,579,565812,0.0604372596
S8,Upstream,70,,,,Forest,Eric,09/27/15,3,673437.427489,3990336.65657,579,565812,0.0604372596
S8,Upstream,55,60,,,Forest,Eric,09/27/15,3,673434.135379,3990341.03126,581,565812,0.0604372596
S8,Upstream,70,,,,Forest,Eric,09/27/15,3,673430.347124,3990343.01686,581,565740,0.0604372596
S8,Upstream,59,,,,Forest,Eric,09/27/15,3,673427.031247,3990340.38591,581,565740,0.0604372596
S8,Upstream,69,,,,Forest,Eric,09/27/15,3,673427.263019,3990334.86012,581,565740,0.0604372596
S8,Upstream,71,,,,Forest,Eric,09/27/15,3,673426.752988,3990332.21141,581,565740,0.0604372596
S8,Upstream,70,20,,,Forest,Eric,09/27/15,3,673421.185646,3990328.91013,581,500796,0.0604372596
S8,Upstream,46,,,,Forest,Eric,09/27/15,3,673419.060725,3990325.29139,581,500796,0.0604372596
S8,Upstream,52,,,,Forest,Eric,09/27/15,3,673414.967266,3990323.89623,581,499896,0.0604372596
S8,Upstream,46,,,,Forest,Eric,09/27/15,3,673411.444436,3990321.53875,583,499896,0.0604372596
S8,Upstream,71,,,,Forest,Eric,09/27/15,3,673406.308327,3990320.15794,583,499068,0.0604372596
S8,Upstream,67,50,,,Forest,Eric,09/27/15,3,673401.444525,3990318.90814,582,497808,0.0604372596
S8,Upstream,49,,,,Forest,Eric,09/27/15,3,673396.649101,3990318.5624,582,497772,0.0604372596
S8,Upstream,41,,,,Forest,Eric,09/27/15,3,673391.833567,3990317.2098,583,497772,0.0604372596
S8,Upstream,39,,,,Forest,Eric,09/27/15,3,673387.203987,3990318.29973,583,497340,0.0604372596
S8,Upstream,76,,,,Forest,Eric,09/27/15,3,673381.632513,3990318.17392,583,497304,0.0604372596
S8,Upstream,66,,,,Forest,Eric,09/27/15,3,673376.682915,3990319.78179,584,497196,0.0604372596
S8,Upstream,47,,,,Forest,George,09/27/15,3,673372.378181,3990322.61264,584,492984,0.0604372596
S8,Upstream,54,,,,Forest,George,09/27/15,3,673368.263749,3990322.401,585,492984,0.0604372596
S8,Upstream,56,,,,Forest,George,09/27/15,3,673363.235419,3990323.24113,585,491076,0.0604372596
S8,Upstream,53,,,,Forest,George,09/27/15,3,673360.272485,3990319.83423,585,491076,0.0604372596
S8,Upstream,51,,,,Forest,George,09/27/15,3,673357.349433,3990316.13781,586,490248,0.0604372596
S8,Upstream,57,,,,Forest,George,09/27/15,3,673352.521997,3990315.04046,586,490248,0.0604372596
S8,Upstream,59,10,,,Forest,George,09/27/15,3,673348.285786,3990312.99185,586,486504,0.0604372596
S8,Upstream,70,,,,Forest,George,09/27/15,3,673343.13927,3990312.7798,586,486504,0.0604372596
S8,Upstream,80,30,,,Forest,George,09/27/15,3,673338.23065,3990312.57024,585,486360,0.0604372596
S8,Upstream,0,,Artificial rock dam (mill?),,Forest,George,09/27/15,3,673333.448728,3990313.44722,586,483372,0.0604372596
S8,Upstream,0,,,,Forest,George,09/27/15,3,673330.069994,3990310.87999,587,479844,0.0604372596
S8,Upstream,0,,,,Forest,George,09/27/15,3,673325.817107,3990308.84937,588,479844,0.0604372596
S8,Upstream,0,,,,Forest,George,09/27/15,3,673321.195238,3990308.00359,588,477864,0.0604372596
S8,Upstream,0,,,,Forest,George,09/27/15,3,673318.835749,3990311.61746,586,477864,0.0604372596
S8,Upstream,39,,,,Forest,George,09/27/15,3,673315.596098,3990310.80055,586,477864,0.0604372596
S8,Upstream,35,,,,Forest,George,09/27/15,3,673309.964963,3990309.88544,587,477216,0.0604372596
S8,Upstream,45,,,,Forest,George,09/27/15,3,673305.473792,3990310.75853,589,477216,0.0604372596
S8,Upstream,32,,,,Forest,George,09/27/15,3,673300.57283,3990307.63031,590,475524,0.0604372596
S8,Upstream,60,,,,Forest,George,09/27/15,3,673296.25601,3990307.54377,589,475488,0.0604372596
S8,Upstream,74,,,,Forest,George,09/27/15,3,673291.304084,3990307.75588,589,471528,0.0604372596
S8,Upstream,77,,,,Forest,George,09/27/15,3,673286.417949,3990306.6866,589,471456,0.0604372596
S8,Upstream,44,40,,,Forest,George,09/27/15,3,673281.753226,3990305.46422,590,471456,0.0604372596
S8,Upstream,80,40,,,Forest,George,09/27/15,3,673277.433208,3990305.98191,592,471456,0.0604372596
S8,Upstream,45,,,,Forest,George,09/27/15,3,673271.523271,3990306.2904,592,469512,0.0604372596
S8,Upstream,72,40,,,Forest,George,09/27/15,3,673266.478562,3990305.68799,592,469332,0.0604372596
S8,Upstream,58,,,,Forest,George,09/27/15,3,673261.966211,3990303.62808,593,469296,0.0604372596
S8,Upstream,40,,,,Forest,George,09/27/15,3,673257.369297,3990301.92497,593,469296,0.0604372596
S8,Upstream,30,,,,Forest,George,09/27/15,3,673254.477268,3990298.90494,593,469296,0.0604372596
S8,Upstream,42,,,,Forest,George,09/27/15,3,673248.930054,3990298.153,593,466740,0.0604372596
S8,Upstream,33,,,,Forest,George,09/27/15,3,673244.613977,3990295.95748,594,466200,0.0604372596
S8,Upstream,44,10,,,Forest,George,09/27/15,3,673240.456271,3990292.37432,594,466200,0.0604372596
S8,Upstream,47,,,,Forest,George,09/27/15,3,673236.619726,3990291.34933,594,466164,0.0604372596
S8,Upstream,53,20,,,Forest,George,09/27/15,3,673233.824126,3990287.48067,594,466164,0.0604372596
S8,Upstream,64,,,,Forest,George,09/27/15,3,673228.434607,3990286.11416,594,466056,0.0604372596
S8,Upstream,19,10,,,Forest,George,09/27/15,3,673224.283691,3990287.89926,594,465156,0.0604372596
S8,Upstream,86,,,,Forest,George,09/27/15,3,673220.522995,3990286.33775,595,465156,0.0604372596
S8,Upstream,54,60,,,Forest,George,09/27/15,3,673217.547504,3990282.0849,594,395784,0.0604372596
S8,Upstream,57,10,,,Forest,George,09/27/15,3,673212.867425,3990281.31948,594,394128,0.0604372596
S8,Upstream,59,20,,,Forest,George,09/27/15,3,673208.882158,3990281.9417,595,394128,0.0604372596
S8,Upstream,68,,,,Forest,George,09/27/15,3,673207.776979,3990286.44966,595,394020,0.0604372596
S8,Upstream,65,,,,Forest,George,09/27/15,3,673202.877398,3990287.17368,595,393912,0.0604372596
S8,Upstream,65,10,,,Forest,George,09/27/15,3,673198.254206,3990288.7578,596,393912,0.0604372596
S8,Upstream,62,,,,Forest,George,09/27/15,3,673195.721639,3990292.38915,597,391644,0.0604372596
S8,Upstream,57,40,,,Forest,George,09/27/15,3,673192.716384,3990296.14133,597,391176,0.0604372596
S8,Upstream,42,10,,,Forest,George,09/27/15,3,673188.811124,3990298.98337,598,391176,0.0604372596
S8,Upstream,55,20,,,Forest,George,09/27/15,3,673184.193561,3990300.36963,598,390996,0.0604372596
S8,Upstream,65,,,,Forest,George,09/27/15,3,673179.722543,3990299.75285,596,390996,0.0604372596
S8,Upstream,58,10,,,Forest,George,09/27/15,3,673174.291394,3990301.51224,597,390960,0.0604372596
S8,Upstream,52,20,,,Forest,George,09/27/15,3,673169.932999,3990302.00659,597,390168,0.0604372596
S8,Upstream,65,50,,,Forest,George,09/27/15,3,673165.589737,3990302.24133,597,372312,0.0604372596
S8,Upstream,43,,,,Forest,George,09/27/15,3,673161.005638,3990300.35396,598,372312,0.0604372596
S8,Upstream,35,,,,Forest,George,09/27/15,3,673163.607578,3990296.33067,598,372312,0.0604372596
S8,Upstream,33,,,,Forest,George,09/27/15,3,673162.479122,3990292.14604,598,371808,0.0604372596
S8,Upstream,55,70,,,Forest,George,09/27/15,3,673158.448612,3990293.97816,598,371808,0.0604372596
S8,Upstream,56,,,,Forest,George,09/27/15,3,673155.852066,3990297.79692,599,371808,0.0604372596
S8,Upstream,39,40,,,Forest,George,09/27/15,3,673154.997419,3990302.09342,599,371808,0.0604372596
S8,Upstream,63,,,,Forest,George,09/27/15,3,673149.867158,3990301.92986,601,371808,0.0604372596
S8,Upstream,39,39,,,Forest,George,09/27/15,3,673150.303163,3990297.88345,601,371808,0.0604372596
S8,Upstream,63,,,,Forest,George,09/27/15,3,673151.157171,3990293.14901,600,371700,0.0604372596
S8,Upstream,76,10,,,Forest,George,09/27/15,3,673147.686347,3990290.60056,601,370980,0.0604372596
S8,Upstream,59,,,,Forest,George,09/27/15,3,673143.425846,3990292.2993,599,370980,0.0604372596
S8,Upstream,76,40,,,Forest,George,09/27/15,3,673138.679377,3990292.69622,598,369324,0.0604372596
S8,Upstream,44,,,,Forest,George,09/27/15,3,673134.327064,3990294.48937,598,369324,0.0604372596
S8,Upstream,80,50,,,Forest,George,09/27/15,3,673129.705946,3990294.59989,597,368280,0.0604372596
S8,Upstream,68,20,,,Forest,George,09/27/15,3,673127.027056,3990296.61874,600,368280,0.0604372596
S8,Upstream,52,20,,,Forest,George,09/27/15,3,673122.849726,3990300.22262,599,368208,0.0604372596
S8,Upstream,61,20,,,Forest,George,09/27/15,3,673118.664838,3990303.99039,600,368208,0.0604372596
S8,Upstream,57,10,,,Forest,George,09/27/15,3,673114.21807,3990306.04425,600,367920,0.0604372596
S8,Upstream,89,20,,,Forest,George,09/27/15,3,673109.924094,3990306.54478,600,367236,0.0604372596
S8,Upstream,56,40,,,Forest,George,09/27/15,3,673104.186437,3990306.82915,600,366480,0.0604372596
S8,Upstream,50,,,,Forest,George,09/27/15,3,673100.593928,3990308.94717,600,366480,0.0604372596
S8,Upstream,53,,,,Forest,George,09/27/15,3,673100.310983,3990314.42755,601,365904,0.0604372596
S8,Upstream,50,,,,Forest,George,09/27/15,3,673097.823908,3990317.99867,601,365904,0.0604372596
S8,Upstream,59,10,,,Forest,George,09/27/15,3,673094.431778,3990321.39911,603,342828,0.0604372596
S8,Upstream,0,,,,Forest,George,09/27/15,3,673091.452454,3990323.43856,603,342828,0.0604372596
S8,Upstream,64,,,,Forest,George,09/27/15,3,673086.586495,3990328.38336,603,342720,0.0604372596
S8,Upstream,60,,,,Forest,George,09/27/15,3,673090.040044,3990329.98513,603,340308,0.0604372596
S8,Upstream,92,,,,Forest,George,09/27/15,3,673091.206936,3990335.01382,604,340308,0.0604372596
S8,Upstream,66,,,,Forest,George,09/27/15,3,673090.841296,3990339.62007,605,340272,0.0604372596
S8,Upstream,53,50,,,Forest,George,09/27/15,3,673085.85318,3990341.7404,604,340272,0.0604372596
S8,Upstream,47,40,,,Forest,George,09/27/15,3,673081.903946,3990343.20582,604,338400,0.0604372596
S8,Upstream,31,,,,Forest,George,09/27/15,3,673078.521494,3990347.02084,604,338400,0.0604372596
S8,Upstream,0,,,,Forest,George,09/27/15,3,673074.501321,3990350.62852,606,333792,0.0604372596
S8,Upstream,8,,,,Forest,George,09/27/15,3,673069.89282,3990351.33893,606,333792,0.0604372596
S8,Upstream,55,,,,Forest,George,09/27/15,3,673065.971572,3990353.35958,606,333756,0.0604372596
S8,Upstream,42,,,,Forest,George,09/27/15,3,673061.572066,3990355.08025,607,331992,0.0604372596
S8,Upstream,35,,,,Forest,George,09/27/15,3,673056.516284,3990353.85726,605,331992,0.0604372596
S8,Upstream,39,10,,,Forest,George,09/27/15,3,673054.668418,3990350.684,605,331992,0.0604372596
S8,Upstream,62,,,,Forest,George,09/27/15,3,673049.999688,3990348.88369,606,331992,0.0604372596
S8,Upstream,41,,,,Forest,George,09/27/15,3,673045.271845,3990350.19304,607,314352,0.0604372596
S8,Upstream,57,,,,Forest,George,09/27/15,3,673041.513281,3990349.24981,607,314208,0.0604372596
S8,Upstream,39,,,,Forest,George,09/27/15,3,673036.636785,3990349.49639,609,313380,0.0604372596
S8,Upstream,31,10,,,Forest,George,09/27/15,3,673030.187381,3990350.22954,608,313344,0.0604372596
S8,Upstream,29,,,,Forest,George,09/27/15,3,673028.208402,3990353.15693,608,311688,0.0604372596
S8,Upstream,34,,,,Forest,George,09/27/15,3,673023.5865,3990356.72578,609,311688,0.0604372596
S8,Upstream,43,,,,Forest,George,09/27/15,3,673020.47885,3990360.14529,609,310824,0.0604372596
S8,Upstream,54,,,,Forest,George,09/27/15,3,673018.673521,3990364.53625,609,310824,0.0604372596
S8,Upstream,64,10,,,Forest,George,09/27/15,3,673015.444469,3990367.92384,610,310824,0.0604372596
S8,Upstream,53,,,,Forest,George,09/27/15,3,673010.135969,3990368.43658,610,310392,0.0604372596
S8,Upstream,45,50,,,Forest,George,09/27/15,3,673008.57297,3990371.51379,610,310392,0.0604372596
S8,Upstream,18,40,,,Forest,George,09/27/15,3,673005.165469,3990374.96523,609,310104,0.0604372596
S8,Upstream,59,10,,,Forest,George,09/27/15,3,673001.290016,3990378.12888,610,310104,0.0604372596
S8,Upstream,53,10,,,Forest,George,09/27/15,3,672998.408888,3990382.92299,610,301248,0.0604372596
S8,Upstream,72,10,,,Forest,George,09/27/15,3,672995.906721,3990387.30786,611,30780,0.0604372596
S9,Upstream,29,10,,,Forest,George,09/27/15,2,672996.139636,3990391.4688,612,30708,0.1342677437
S9,Upstream,10,,,,Forest,George,09/27/15,2,672996.976562,3990395.38497,613,30708,0.1342677437
S9,Upstream,0,,,,Forest,George,09/27/15,2,672997.15747,3990399.30839,614,30060,0.1342677437
S9,Upstream,10,,,,Forest,George,09/27/15,2,672997.076492,3990403.21654,616,30024,0.1342677437
S9,Upstream,20,,,,Forest,George,09/27/15,2,672994.080629,3990406.49898,613,30024,0.1342677437
S9,Upstream,26,,,,Forest,George,09/27/15,2,672992.610382,3990409.34786,614,29772,0.1342677437
S9,Upstream,4,,,,Forest,George,09/27/15,2,672989.804713,3990413.04978,615,29772,0.1342677437
S9,Upstream,0,,,,Forest,George,09/27/15,2,672990.659397,3990416.48609,615,29484,0.1342677437
S9,Upstream,0,,,,Forest,George,09/27/15,2,672990.777211,3990420.39151,615,29340,0.1342677437
S9,Upstream,11,,,,Forest,George,09/27/15,2,672990.841925,3990424.23362,615,29340,0.1342677437
S9,Upstream,34,,,,Forest,George,09/27/15,2,672991.276027,3990428.42561,617,28692,0.1342677437
S10,Upstream,2,,,,Forest,George,09/27/15,1,672992.418098,3990432.73166,617,12960,0.1909441573
S10,Upstream,18,,,,Forest,George,09/27/15,1,672993.173172,3990438.15596,618,12528,0.1909441573
S10,Upstream,5,,,,Forest,George,09/27/15,1,672993.848211,3990443.41575,618,12528,0.1909441573
S10,Upstream,3,,,,Forest,George,09/27/15,1,672993.786702,3990448.21933,619,11664,0.1909441573
S10,Upstream,13,,,Ends at a pipe draining an impoundment on private land,Forest,George,09/27/15,1,672994.438071,3990453.54125,621,10404,0.1909441573
S11,Upstream,11,,,,Forest,George,09/27/15,1,672988.7198,3990433.31292,617,28692,0.3068041354
S11,Upstream,0,,,,Forest,George,09/27/15,1,672983.702028,3990436.74869,618,15444,0.3068041354
S11,Upstream,0,,,,Forest,George,09/27/15,1,672978.350323,3990439.38538,619,15444,0.3068041354
S11,Upstream,5,,,,Forest,George,09/27/15,1,672973.592322,3990442.04388,621,15084,0.3068041354
S11,Upstream,15,,,Ends at a road on private land,Forest,George,09/27/15,1,672970.770042,3990446.97256,624,14976,0.3068041354
S12,Upstream,58,,,,Forest,George,09/27/15,3,672993.528733,3990385.07857,611,301248,0.0151446755
S12,Upstream,59,,,,Forest,George,09/27/15,3,672991.040264,3990381.9939,611,301248,0.0151446755
S12,Upstream,35,20,,,Forest,George,09/27/15,3,672989.552407,3990379.28887,611,301248,0.0151446755
S12,Upstream,52,,,,Forest,George,09/27/15,3,672987.003348,3990375.93566,611,270216,0.0151446755
S12,Upstream,50,,,,Forest,George,09/27/15,3,672982.238338,3990376.15606,610,270144,0.0151446755
S12,Upstream,47,70,,,Forest,George,09/27/15,3,672978.384015,3990376.80982,611,270144,0.0151446755
S12,Upstream,55,70,,,Forest,George,09/27/15,3,672973.418257,3990375.96254,611,269352,0.0151446755
S12,Upstream,22,30,,,Forest,George,09/27/15,3,672969.436167,3990376.59159,610,269064,0.0151446755
S12,Upstream,73,,,,Forest,George,09/27/15,3,672965.542043,3990374.9269,610,267444,0.0151446755
S12,Upstream,68,,,,Forest,George,09/27/15,3,672965.477367,3990378.91861,610,267444,0.0151446755
S12,Upstream,41,,,,Forest,George,09/27/15,3,672968.259681,3990382.9485,611,269064,0.0151446755
S12,Upstream,28,40,,,Forest,George,09/27/15,3,672968.420671,3990387.6082,613,269064,0.0151446755
S12,Upstream,4,,,,Forest,George,09/27/15,3,672967.075222,3990391.77496,615,269064,0.0151446755
S12,Upstream,27,,,,Forest,George,09/27/15,3,672962.975471,3990392.62131,614,267444,0.0151446755
S12,Upstream,44,,,,Forest,George,09/27/15,3,672960.502408,3990389.81073,611,267444,0.0151446755
S12,Upstream,32,,,,Forest,George,09/27/15,3,672962.679459,3990385.55372,611,267444,0.0151446755
S12,Upstream,43,70,,,Forest,George,09/27/15,3,672961.187557,3990381.20737,610,267444,0.0151446755
S12,Upstream,24,20,,,Forest,George,09/27/15,3,672957.085427,3990382.90521,610,267408,0.0151446755
S12,Upstream,48,,,,Forest,George,09/27/15,3,672954.206037,3990386.11827,611,267408,0.0151446755
S12,Upstream,43,,,,Forest,George,09/27/15,3,672950.223649,3990385.99966,611,267336,0.0151446755
S12,Upstream,16,,,,Forest,George,09/27/15,3,672947.147834,3990382.98588,612,267336,0.0151446755
S12,Upstream,50,,,,Forest,George,09/27/15,3,672944.767072,3990380.467,612,267120,0.0151446755
S12,Upstream,74,30,,,Forest,George,09/27/15,3,672941.798899,3990376.63821,612,267120,0.0151446755
S12,Upstream,42,40,,,Forest,George,09/27/15,3,672938.732562,3990374.33176,612,262224,0.0151446755
S12,Upstream,68,10,,,Forest,George,09/27/15,3,672937.758371,3990369.92049,612,262224,0.0151446755
S12,Upstream,48,50,,,Forest,George,09/27/15,3,672933.435194,3990369.41341,613,262116,0.0151446755
S12,Upstream,68,,,,Forest,George,09/27/15,3,672930.76428,3990367.68597,613,262116,0.0151446755
S12,Upstream,57,20,,,Forest,George,09/27/15,3,672927.238701,3990369.7683,612,257796,0.0151446755
S12,Upstream,38,60,,,Forest,George,09/27/15,3,672926.430001,3990373.92101,612,257796,0.0151446755
S12,Upstream,40,,,,Forest,George,09/27/15,3,672922.402323,3990377.31908,613,257760,0.0151446755
S12,Upstream,56,,,,Forest,George,09/27/15,3,672919.698976,3990380.84259,613,257760,0.0151446755
S12,Upstream,45,,,,Forest,George,09/27/15,3,672916.223949,3990379.60757,613,257724,0.0151446755
S12,Upstream,36,,,,Forest,George,09/27/15,3,672913.724524,3990375.76994,613,257724,0.0151446755
S12,Upstream,18,,,,Forest,George,09/27/15,3,672911.437413,3990372.26744,613,257724,0.0151446755
S12,Upstream,24,,,,Forest,George,09/27/15,3,672907.338692,3990373.71512,613,257688,0.0151446755
S12,Upstream,24,30,,,Forest,George,09/27/15,3,672905.514601,3990377.57514,613,257688,0.0151446755
S12,Upstream,37,,,,Forest,George,09/27/15,3,672903.297548,3990381.78698,613,256788,0.0151446755
S12,Upstream,49,50,,,Forest,George,09/27/15,3,672898.877187,3990383.05042,614,256788,0.0151446755
S12,Upstream,72,,,,Forest,George,09/27/15,3,672894.976013,3990381.33147,614,255744,0.0151446755
S12,Upstream,22,10,,,Forest,George,09/27/15,3,672891.78494,3990383.97053,614,245556,0.0151446755
S12,Upstream,27,40,,,Forest,George,09/27/15,3,672892.91873,3990388.6079,614,255744,0.0151446755
S12,Upstream,39,10,,,Forest,George,09/27/15,3,672891.755941,3990392.53135,614,245556,0.0151446755
S12,Upstream,29,40,,,Forest,George,09/27/15,3,672887.287976,3990391.79825,615,245556,0.0151446755
S12,Upstream,12,,,,Forest,George,09/27/15,3,672885.866563,3990388.26799,614,244656,0.0151446755
S12,Upstream,33,,,,Forest,George,09/27/15,3,672881.358448,3990385.23742,614,244656,0.0151446755
S12,Upstream,23,,,,Forest,George,09/27/15,3,672877.234041,3990385.11294,614,244584,0.0151446755
S12,Upstream,28,,,,Forest,George,09/27/15,3,672875.462796,3990389.58483,615,244584,0.0151446755
S12,Upstream,36,,,,Forest,George,09/27/15,3,672872.544058,3990386.99155,615,243504,0.0151446755
S12,Upstream,27,10,,,Forest,George,09/27/15,3,672873.837443,3990383.47009,615,243504,0.0151446755
S12,Upstream,34,,,,Forest,George,09/27/15,3,672872.71896,3990379.06608,616,243504,0.0151446755
S12,Upstream,17,,,,Forest,George,09/27/15,3,672869.74614,3990374.66225,618,243504,0.0151446755
S12,Upstream,97,,,,Forest,George,09/27/15,3,672865.47497,3990373.94481,619,243468,0.0151446755
S12,Upstream,33,,,,Forest,George,09/27/15,3,672864.558048,3990378.42699,616,243468,0.0151446755
S12,Upstream,27,,,,Forest,George,09/27/15,3,672862.0854,3990379.40679,616,243324,0.0151446755
S12,Upstream,34,,,,Forest,George,09/27/15,3,672860.238284,3990381.75662,616,243324,0.0151446755
S12,Upstream,16,,,,Forest,George,09/27/15,3,672859.1393,3990385.82749,615,243324,0.0151446755
S12,Upstream,44,,,,Forest,George,09/27/15,3,672854.70433,3990387.95141,616,240444,0.0151446755
S12,Upstream,0,,,,Forest,George,09/27/15,3,672852.140438,3990390.4922,616,240444,0.0151446755
S12,Upstream,41,,,,Forest,George,09/27/15,3,672848.126691,3990388.62678,616,240408,0.0151446755
S12,Upstream,35,,,,Forest,George,09/27/15,3,672846.757667,3990384.33548,616,240408,0.0151446755
S12,Upstream,36,,,,Forest,George,09/27/15,3,672842.709434,3990383.19063,616,240336,0.0151446755
S12,Upstream,23,,,,Forest,George,09/27/15,3,672840.023608,3990386.94733,616,240336,0.0151446755
S12,Upstream,38,,,,Forest,George,09/27/15,3,672836.019436,3990386.9189,617,240336,0.0151446755
S12,Upstream,21,,,,Forest,George,09/27/15,3,672832.563447,3990388.11527,615,240048,0.0151446755
S12,Upstream,23,,,,Forest,George,09/27/15,3,672828.674515,3990387.5582,615,240048,0.0151446755
S12,Upstream,37,10,,,Forest,George,09/27/15,3,672828.328763,3990391.90782,615,240048,0.0151446755
S12,Upstream,36,,,,Forest,George,09/27/15,3,672824.876877,3990391.90837,617,235692,0.0151446755
S12,Upstream,14,,,,Forest,George,09/27/15,3,672821.939378,3990393.60015,616,165096,0.0151446755
S12,Upstream,38,,,,Forest,George,09/27/15,3,672821.227317,3990396.47853,616,235692,0.0151446755
S12,Upstream,40,,,,Forest,George,09/27/15,3,672817.725292,3990397.81138,617,165096,0.0151446755
S13a,Upstream,18,,,Lots of piping in a floodplain deposit,Forest,George,09/27/15,3,672815.735246,3990401.76647,618,70488,0
S13a,Upstream,11,,,,Forest,George,09/27/15,3,672813.42272,3990405.00351,618,70164,0
S13b,Upstream,0,,,Piping,Forest,George,09/27/15,2,672810.578935,3990407.23172,619,70164,0.0988783744
S13b,Upstream,0,,,,Forest,George,09/27/15,2,672807.479086,3990409.45123,619,69300,0.0988783744
S13b,Upstream,0,,,,Forest,George,09/27/15,2,672804.022395,3990410.91715,619,69300,0.0988783744
S13b,Upstream,0,,,,Forest,George,09/27/15,2,672802.005278,3990414.06479,619,69300,0.0988783744
S13b,Upstream,0,,,,Forest,George,09/27/15,2,672800.435672,3990417.38539,620,69264,0.0988783744
S13b,Upstream,0,,,,Forest,George,09/27/15,2,672799.064375,3990421.12562,620,68616,0.0988783744
S13b,Upstream,15,,,,Forest,George,09/27/15,2,672797.118197,3990424.74421,620,68616,0.0988783744
S13b,Upstream,0,,,,Forest,George,09/27/15,2,672795.280207,3990428.00447,621,68076,0.0988783744
S13b,Upstream,13,,,,Forest,George,09/27/15,2,672791.181623,3990429.7312,621,68076,0.0988783744
S13b,Upstream,16,,,,Forest,George,09/27/15,2,672789.041063,3990432.61229,621,68040,0.0988783744
S13b,Upstream,30,,,,Forest,George,09/27/15,2,672785.854855,3990435.24038,622,68040,0.0988783744
S13b,Upstream,29,,,,Forest,George,09/27/15,2,672782.807148,3990437.86533,622,68040,0.0988783744
S13b,Upstream,29,,,,Forest,George,09/27/15,2,672779.88415,3990439.65484,622,67968,0.0988783744
S13b,Upstream,27,,,,Forest,George,09/27/15,2,672776.639963,3990441.23705,622,67968,0.0988783744
S13b,Upstream,31,,,,Forest,George,09/27/15,2,672772.096745,3990440.17992,622,60840,0.0988783744
S13b,Upstream,31,,,,Forest,George,09/27/15,2,672770.07059,3990442.71679,623,60624,0.0988783744
S13b,Upstream,21,,,,Forest,George,09/27/15,2,672767.009548,3990444.49572,623,60624,0.0988783744
S13b,Upstream,18,,,,Forest,George,09/27/15,2,672763.443258,3990444.93351,624,60588,0.0988783744
S13b,Upstream,17,,,,Forest,George,09/27/15,2,672762.158905,3990448.71285,623,60588,0.0988783744
S13b,Upstream,15,,,,Forest,George,09/27/15,2,672758.973571,3990448.41527,623,60588,0.0988783744
S13b,Upstream,23,,,,Forest,George,09/27/15,2,672757.71551,3990449.82631,625,60048,0.0988783744
S13b,Upstream,11,,,,Forest,George,09/27/15,2,672754.383803,3990452.53911,625,60048,0.0988783744
S13b,Upstream,35,,,,Forest,George,09/27/15,2,672751.386616,3990454.84677,625,1872,0.0988783744
S14,Upstream,0,,,,Forest,George,09/27/15,1,672746.989807,3990455.75973,625,1872,0.0161931623
S14,Upstream,12,10,,,Forest,George,09/27/15,1,672744.045474,3990458.15256,626,1872,0.0161931623
S14,Upstream,13,10,,,Forest,George,09/27/15,1,672740.275949,3990460.27411,625,1872,0.0161931623
S15,Upstream,0,,,,Forest,George,09/27/15,1,672747.454024,3990459.59084,625,57888,0.368234112
S15,Upstream,24,,,,Forest,George,09/27/15,1,672745.651803,3990463.85495,625,57384,0.368234112
S15,Upstream,12,,,,Forest,George,09/27/15,1,672747.105764,3990470.01267,625,57384,0.368234112
S15,Upstream,0,,,,Forest,George,09/27/15,1,672744.688088,3990475.14437,626,57384,0.368234112
S15,Upstream,13,,,,Forest,George,09/27/15,1,672746.014938,3990481.21658,629,57384,0.368234112
S15,Upstream,14,,,Hwy 86 Pipe,Forest,George,09/27/15,1,672743.498152,3990484.59466,628,36324,0.368234112
S15,Upstream,14,,,Hwy 86 Pipe,Forest,George,09/27/15,1,672738.140347,3990485.3322,637,36324,0.368234112
S15,Upstream,14,,,Hwy 86 Pipe,Forest,George,09/27/15,1,672732.267757,3990486.9743,640,36324,0.368234112
S16,Upstream,0,,,Piping,Forest,George,09/27/15,2,672814.291152,3990408.49578,618,70164,0.0887507003
S16,Upstream,0,,,,Forest,George,09/27/15,2,672814.206769,3990411.52437,619,70164,0.0887507003
S16,Upstream,0,,,,Forest,George,09/27/15,2,672812.415847,3990414.91119,619,69300,0.0887507003
S16,Upstream,0,,,,Forest,George,09/27/15,2,672811.298821,3990417.76305,619,69300,0.0887507003
S16,Upstream,0,,,,Forest,George,09/27/15,2,672811.817157,3990420.38801,619,69300,0.0887507003
S16,Upstream,0,,,,Forest,George,09/27/15,2,672810.559281,3990423.22512,619,69300,0.0887507003
S16,Upstream,0,,,,Forest,George,09/27/15,2,672807.031023,3990424.61828,620,69300,0.0887507003
S16,Upstream,12,,,,Forest,George,09/27/15,2,672803.524852,3990426.43203,620,68616,0.0887507003
S16,Upstream,13,,,,Forest,George,09/27/15,2,672801.140468,3990428.71957,620,68616,0.0887507003
S16,Upstream,0,,,,Forest,George,09/27/15,2,672800.484941,3990432.05918,621,68076,0.0887507003
S16,Upstream,13,,,,Forest,George,09/27/15,2,672799.115586,3990435.1429,621,68040,0.0887507003
S17,Upstream,4,,,,Forest,George,09/27/15,1,672801.820253,3990439.32413,623,68040,0.3602303259
S17,Upstream,11,,,,Forest,George,09/27/15,1,672804.334463,3990444.27423,625,68040,0.3602303259
S18,Upstream,0,,,,Forest,George,09/27/15,1,672795.237785,3990438.81986,622,68040,0.5887775183
S18,Upstream,0,,,,Forest,George,09/27/15,1,672794.524796,3990442.20329,623,68040,0.5887775183
S18,Upstream,7,,,,Forest,George,09/27/15,1,672794.933048,3990445.71757,623,68040,0.5887775183
S18,Upstream,5,,,,Forest,George,09/27/15,1,672798.150818,3990447.6211,630,68040,0.5887775183
S18,Upstream,11,20,,,Forest,George,09/27/15,1,672803.28214,3990448.21995,631,68040,0.5887775183
S19,Upstream,17,,,,Forest,George,09/27/15,1,672815.602826,3990393.86946,617,165096,0.0472037619
S19,Upstream,40,,,,Forest,George,09/27/15,1,672813.29486,3990389.81834,618,164628,0.0472037619
S19,Upstream,19,,,,Forest,George,09/27/15,1,672811.447,3990387.19892,618,164628,0.0472037619
S19,Upstream,26,20,,,Forest,George,09/27/15,1,672808.206923,3990384.96278,618,164628,0.0472037619
S19,Upstream,14,,,,Forest,George,09/27/15,1,672805.427577,3990382.53964,618,164232,0.0472037619
S19,Upstream,31,40,,,Forest,George,09/27/15,1,672801.073434,3990381.85699,619,163836,0.0472037619
S19,Upstream,20,,,,Forest,George,09/27/15,1,672799.019345,3990377.87947,617,163836,0.0472037619
S19,Upstream,48,,,,Forest,George,09/27/15,1,672795.34466,3990374.71921,619,158580,0.0472037619
S19,Upstream,3,,,,Forest,George,09/27/15,1,672792.70653,3990371.5968,620,158544,0.0472037619
S19,Upstream,28,10,,,Forest,George,09/27/15,1,672792.621339,3990366.99177,620,158544,0.0472037619
S19,Upstream,29,30,,,Forest,George,09/27/15,1,672788.705441,3990365.58431,621,156456,0.0472037619
S19,Upstream,10,,,,Forest,George,09/27/15,1,672784.974643,3990362.79673,621,156456,0.0472037619
S19,Upstream,37,,,,Forest,George,09/27/15,1,672782.815873,3990366.17597,619,156456,0.0472037619
S19,Upstream,0,,,,Forest,George,09/27/15,1,672779.429935,3990364.71826,619,156456,0.0472037619
S19,Upstream,33,,,,Forest,George,09/27/15,1,672776.43087,3990361.74001,621,155736,0.0472037619
S19,Upstream,27,,,,Forest,George,09/27/15,1,672774.474328,3990366.02637,620,155736,0.0472037619
S19,Upstream,28,,,,Forest,George,09/27/15,1,672770.360605,3990363.77193,621,147708,0.0472037619
S19,Upstream,35,30,,,Forest,George,09/27/15,1,672767.869651,3990366.67397,621,147708,0.0472037619
S19,Upstream,24,,,,Forest,George,09/27/15,1,672764.228248,3990369.39476,620,147672,0.0472037619
S19,Upstream,42,,,,Forest,George,09/27/15,1,672760.669011,3990366.55896,621,147672,0.0472037619
S19,Upstream,2,,,,Forest,George,09/27/15,1,672756.27302,3990367.79865,620,147600,0.0472037619
S19,Upstream,10,10,,,Forest,George,09/27/15,1,672752.166327,3990369.57008,622,146592,0.0472037619
S19,Upstream,17,80,,,Forest,George,09/27/15,1,672747.682272,3990370.3528,621,146592,0.0472037619
S19,Upstream,16,,,,Forest,George,09/27/15,1,672744.114873,3990368.44807,621,146556,0.0472037619
S19,Upstream,22,,,,Forest,George,09/27/15,1,672745.491114,3990364.04883,622,146556,0.0472037619
S19,Upstream,30,10,,,Forest,George,09/27/15,1,672742.004511,3990360.8609,625,146556,0.0472037619
S19,Upstream,39,10,,,Forest,George,09/27/15,1,672737.369294,3990360.81142,625,144576,0.0472037619
S19,Upstream,80,,,,Forest,George,09/27/15,1,672735.505365,3990358.47558,625,144576,0.0472037619
S19,Upstream,12,,,Hwy 86 Pipe,Forest,George,09/27/15,1,672735.776539,3990353.97467,626,144576,0.0472037619
S19,Upstream,12,,,Hwy 86 Pipe,Forest,George,09/27/15,1,672731.829558,3990355.56292,625,144540,0.0472037619
S19,Upstream,12,,,Hwy 86 Pipe,Forest,George,09/27/15,1,672729.974321,3990351.77444,626,144540,0.0472037619
S19,Upstream,12,,,Hwy 86 Pipe,Forest,George,09/27/15,1,672725.980338,3990350.8529,626,144540,0.0472037619
S19,Upstream,12,,,Hwy 86 Pipe,Forest,George,09/27/15,1,672724.830051,3990346.65936,628,144540,0.0472037619
S19,Upstream,12,,,Hwy 86 Pipe,Forest,George,09/27/15,1,672721.881681,3990346.08924,628,144540,0.0472037619
S19,Upstream,12,,,Hwy 86 Pipe,Forest,George,09/27/15,1,672719.057821,3990341.40329,630,144540,0.0472037619
S19,Upstream,12,,,Hwy 86 Pipe,Forest,George,09/27/15,1,672715.485182,3990338.1118,635,144540,0.0472037619
S19,Upstream,12,,,Hwy 86 Pipe,Forest,George,09/27/15,1,672712.297981,3990334.21397,635,144540,0.0472037619
S19,Upstream,12,,,Hwy 86 Pipe,Forest,George,09/27/15,1,672709.408796,3990330.75759,639,129744,0.0472037619
S19,Upstream,12,,,Hwy 86 Pipe,Forest,George,09/27/15,1,672705.978445,3990326.7349,640,102600,0.0472037619
S19,Upstream,12,,,,Forest,George,09/27/15,1,672702.509445,3990323.26489,641,102600,0.0472037619
S19,Upstream,14,10,,,Forest,George,09/27/15,1,672698.579897,3990319.98146,640,85068,0.0472037619
S19,Upstream,29,20,,,Forest,George,09/27/15,1,672694.568264,3990318.07887,640,85068,0.0472037619
S19,Upstream,22,10,,,Forest,George,09/27/15,1,672690.268971,3990319.1355,629,85068,0.0472037619
S19,Upstream,41,,,,Forest,George,09/27/15,1,672686.885642,3990316.53681,626,83376,0.0472037619
S19,Upstream,56,20,,,Forest,George,09/27/15,1,672683.243867,3990314.17362,626,83376,0.0472037619
S19,Upstream,18,,,,Forest,George,09/27/15,1,672679.577421,3990311.30101,627,82260,0.0472037619
S19,Upstream,41,40,,,Forest,George,09/27/15,1,672675.201109,3990313.99405,628,82260,0.0472037619
S19,Upstream,25,50,MC,,Forest,George,09/27/15,1,672671.257691,3990316.63702,628,82260,0.0472037619
S19,Upstream,11,40,,,Forest,George,09/27/15,1,672667.107775,3990318.30098,628,82260,0.0472037619
S19,Upstream,13,,,,Forest,George,09/27/15,1,672662.452115,3990320.15852,629,80388,0.0472037619
S20,Downstream,60,,,"Mostly wide, meandering stream with lots of downed trees and woody debris.",Forest,George,09/27/15,3,673759.854068,3990020.11998,536,471240,-0.0247701092
S20,Downstream,53,,,High suspended sediment concentrations,Forest,George,09/27/15,3,673763.197894,3990019.17234,536,471276,-0.0247701092
S20,Downstream,52,,,,Forest,George,09/27/15,3,673768.060627,3990019.65034,538,471276,-0.0247701092
S20,Downstream,47,,,,Forest,George,09/27/15,3,673770.700631,3990020.91176,538,471312,-0.0247701092
S20,Downstream,48,20,,,Forest,George,09/27/15,3,673776.297671,3990018.98421,536,473364,-0.0247701092
S20,Downstream,31,,,,Forest,George,09/27/15,3,673779.915172,3990016.95274,534,473364,-0.0247701092
S20,Downstream,75,,,,Forest,George,09/27/15,3,673784.413981,3990016.01878,535,473400,-0.0247701092
S20,Downstream,81,,,,Forest,George,09/27/15,3,673788.250473,3990015.34925,535,1137168,-0.0247701092
S20,Downstream,70,,,,Forest,George,09/27/15,3,673791.20542,3990011.18818,534,1137168,-0.0247701092
S20,Downstream,84,,,,Forest,George,09/27/15,3,673795.48967,3990011.83475,537,1137240,-0.0247701092
S20,Downstream,79,,,,Forest,George,09/27/15,3,673799.322897,3990009.82465,535,1137276,-0.0247701092
S20,Downstream,86,,,,Forest,George,09/27/15,3,673801.003155,3990005.5643,536,1137276,-0.0247701092
S20,Downstream,89,,,,Forest,George,09/27/15,3,673805.636942,3990006.04289,536,1137312,-0.0247701092
S20,Downstream,17,,,,Forest,George,09/27/15,3,673809.283042,3990009.11357,535,1137312,-0.0247701092
S20,Downstream,54,,,,Forest,George,09/27/15,3,673813.466878,3990009.07364,535,1137348,-0.0247701092
S20,Downstream,80,,,,Forest,George,09/27/15,3,673817.97426,3990006.16133,535,1149156,-0.0247701092
S20,Downstream,78,10,,,Forest,George,09/27/15,3,673822.369055,3990003.49529,538,1149156,-0.0247701092
S20,Downstream,69,,,,Forest,George,09/27/15,3,673826.462478,3990003.05116,536,1151424,-0.0247701092
S20,Downstream,52,10,,,Forest,George,09/27/15,3,673831.863344,3990003.81453,536,1151424,-0.0247701092
S20,Downstream,78,,,,Forest,George,09/27/15,3,673836.648002,3990004.57125,534,1151424,-0.0247701092
S20,Downstream,57,50,,,Forest,George,09/27/15,3,673841.284726,3990005.45643,536,1151640,-0.0247701092
S20,Downstream,107,,,,Forest,George,09/27/15,3,673844.287424,3990009.35525,532,1151640,-0.0247701092
S20,Downstream,80,,,,Forest,George,09/27/15,3,673845.387599,3990014.13892,533,1152036,-0.0247701092
S20,Downstream,85,,,,Forest,George,09/27/15,3,673846.190804,3990018.83503,533,1153944,-0.0247701092
S20,Downstream,94,,,,Forest,George,09/27/15,3,673847.964553,3990023.23209,532,1153944,-0.0247701092
S20,Downstream,99,,,,Forest,George,09/27/15,3,673852.392796,3990025.3035,534,1154088,-0.0247701092
S20,Downstream,96,,,,Forest,George,09/27/15,3,673854.565899,3990028.79701,534,1158336,-0.0247701092
S20,Downstream,66,,,,Forest,George,09/27/15,3,673856.210655,3990033.33978,533,1158336,-0.0247701092
S20,Downstream,78,10,,,Forest,George,09/27/15,3,673859.061995,3990036.59781,533,1158444,-0.0247701092
S20,Downstream,63,,,,Forest,George,09/27/15,3,673858.681692,3990042.30522,532,1158444,-0.0247701092
S20,Downstream,112,10,,,Forest,George,09/27/15,3,673857.926842,3990047.57361,532,1167228,-0.0247701092
S20,Downstream,112,,,Downed trees,Forest,George,09/27/15,3,673858.91585,3990051.94901,534,1167228,-0.0247701092
S20,Downstream,109,,,,Forest,George,09/27/15,3,673863.560393,3990052.10202,533,1167228,-0.0247701092
S20,Downstream,47,,,,Forest,George,09/27/15,3,673866.166471,3990048.09487,532,1167228,-0.0247701092
S20,Downstream,68,,,,Forest,George,09/27/15,3,673869.714345,3990044.64319,533,1167336,-0.0247701092
S20,Downstream,64,,,,Forest,George,09/27/15,3,673874.162169,3990043.63946,531,1168128,-0.0247701092
S20,Downstream,43,,,,Forest,George,09/27/15,3,673878.324455,3990044.84941,533,1168272,-0.0247701092
S20,Downstream,53,,,,Forest,George,09/27/15,3,673883.623238,3990047.10956,530,1168272,-0.0247701092
S20,Downstream,44,,,,Forest,George,09/27/15,3,673883.918523,3990051.52337,532,1168416,-0.0247701092
S20,Downstream,87,,,,Forest,George,09/27/15,3,673882.0372,3990055.83987,532,1168416,-0.0247701092
S20,Downstream,116,,,,Forest,George,09/27/15,3,673878.695637,3990059.40083,532,1168416,-0.0247701092
S20,Downstream,62,20,,,Forest,George,09/27/15,3,673874.714812,3990062.4454,533,1168416,-0.0247701092
S20,Downstream,78,10,,,Forest,George,09/27/15,3,673875.505987,3990067.31983,533,1168416,-0.0247701092
S20,Downstream,42,,,,Forest,George,09/27/15,3,673878.908694,3990070.98511,533,1168416,-0.0247701092
S20,Downstream,87,40,,,Forest,George,09/27/15,3,673881.2924,3990074.15675,533,1168416,-0.0247701092
S20,Downstream,105,20,,,Forest,George,09/27/15,3,673885.396695,3990072.52651,533,1168416,-0.0247701092
S20,Downstream,69,,,,Forest,George,09/27/15,3,673888.267614,3990075.96417,532,1168416,-0.0247701092
S20,Downstream,50,10,,,Forest,George,09/27/15,3,673888.344973,3990080.7633,531,1168416,-0.0247701092
S20,Downstream,92,,,,Forest,George,09/27/15,3,673890.667942,3990085.07038,531,1169136,-0.0247701092
S20,Downstream,69,,,,Forest,George,09/27/15,3,673891.080744,3990089.43015,532,1169136,-0.0247701092
S20,Downstream,68,20,,,Forest,George,09/27/15,3,673893.944002,3990092.50376,531,1169136,-0.0247701092
S20,Downstream,92,10,,,Forest,George,09/27/15,3,673899.212201,3990091.44095,530,1171188,-0.0247701092
S20,Downstream,51,,,,Forest,George,09/27/15,3,673901.331008,3990087.8573,530,1171188,-0.0247701092
S20,Downstream,79,,,,Forest,George,09/27/15,3,673905.145515,3990083.94571,532,1171368,-0.0247701092
S20,Downstream,65,,,,Forest,George,09/27/15,3,673909.436544,3990081.94396,532,1171620,-0.0247701092
S20,Downstream,145,,,,Forest,George,09/27/15,3,673914.25965,3990081.54586,531,1171620,-0.0247701092
S20,Downstream,89,,,,Forest,George,09/27/15,3,673918.499102,3990083.67671,529,1171692,-0.0247701092
S20,Downstream,134,,,,Forest,George,09/27/15,3,673922.257271,3990086.3922,530,1211220,-0.0247701092
S20,Downstream,119,,,,Forest,George,09/27/15,3,673925.068231,3990083.35819,530,1211220,-0.0247701092
S20,Downstream,114,,,,Forest,George,09/27/15,3,673925.358939,3990078.21211,528,1211220,-0.0247701092
S20,Downstream,81,,,,Forest,George,09/27/15,3,673924.944391,3990073.32306,530,1211220,-0.0247701092
S20,Downstream,75,,,,Forest,George,09/27/15,3,673928.557262,3990071.16692,531,1212048,-0.0247701092
S20,Downstream,60,,,,Forest,George,09/27/15,3,673929.272288,3990066.19528,530,1212048,-0.0247701092
S20,Downstream,57,30,,,Forest,George,09/27/15,3,673931.037014,3990063.07783,530,1212048,-0.0247701092
S20,Downstream,71,,,,Forest,George,09/27/15,3,673931.864494,3990058.367,530,1212048,-0.0247701092
S20,Downstream,83,,,,Forest,George,09/27/15,3,673936.980763,3990058.12632,529,1212264,-0.0247701092
S20,Downstream,73,20,,,Forest,George,09/27/15,3,673941.378678,3990057.65322,530,1214028,-0.0247701092
S20,Downstream,84,20,,,Forest,George,09/27/15,3,673945.984562,3990056.40606,528,1214784,-0.0247701092
S20,Downstream,122,,,,Forest,George,09/27/15,3,673950.318013,3990058.27422,529,1214784,-0.0247701092
S20,Downstream,108,,,,Forest,George,09/27/15,3,673955.12791,3990057.81129,529,1216188,-0.0247701092
S20,Downstream,137,,,,Forest,George,09/27/15,3,673957.289846,3990053.7089,525,1216080,-0.0247701092
S20,Downstream,61,,,,Forest,George,09/27/15,3,673961.82565,3990054.93163,527,1216188,-0.0247701092
S20,Downstream,93,,,,Forest,George,09/27/15,3,673964.542482,3990058.55693,526,1216188,-0.0247701092
S20,Downstream,122,,,,Forest,George,09/27/15,3,673969.077677,3990060.33277,525,1217052,-0.0247701092
S20,Downstream,146,,,,Forest,George,09/27/15,3,673970.881933,3990064.69239,528,1217052,-0.0247701092
S20,Downstream,116,,,,Forest,George,09/27/15,3,673970.373819,3990069.69644,528,1217268,-0.0247701092
S20,Downstream,55,20,,,Forest,George,09/27/15,3,673974.292459,3990071.51931,528,1217268,-0.0247701092
S20,Downstream,36,20,,,Forest,George,09/27/15,3,673979.172823,3990070.74805,526,1217376,-0.0247701092
S20,Downstream,51,,,,Forest,George,09/27/15,3,673984.215126,3990071.60041,525,1217664,-0.0247701092
S20,Downstream,35,20,,,Forest,George,09/27/15,3,673986.561968,3990075.4653,525,1220148,-0.0247701092
S20,Downstream,35,,,,Forest,George,09/27/15,3,673991.20803,3990077.16766,526,1220148,-0.0247701092
S20,Downstream,46,,,,Forest,George,09/27/15,3,673991.651787,3990081.93645,526,1221696,-0.0247701092
S20,Downstream,26,,,,Forest,George,09/27/15,3,673995.929877,3990083.01403,528,1221696,-0.0247701092
S20,Downstream,109,,,,Forest,George,09/27/15,3,674000.901252,3990084.51066,528,1222308,-0.0247701092
S20,Downstream,59,,,,Forest,George,09/27/15,3,674004.046566,3990081.78917,525,1222308,-0.0247701092
S20,Downstream,95,,,,Forest,George,09/27/15,3,674009.120849,3990080.25259,525,1223244,-0.0247701092
S20,Downstream,71,,,,Forest,George,09/27/15,3,674010.573991,3990076.08221,526,1225080,-0.0247701092
S20,Downstream,55,20,,,Forest,George,09/27/15,3,674015.49567,3990075.54108,523,1225080,-0.0247701092
S20,Downstream,96,30,,,Forest,George,09/27/15,3,674019.166765,3990075.1396,523,1225152,-0.0247701092
S20,Downstream,81,20,,,Forest,George,09/27/15,3,674023.263869,3990075.19504,526,1225152,-0.0247701092
S20,Downstream,79,,,,Forest,George,09/27/15,3,674026.155808,3990073.00145,527,1227060,-0.0247701092
S20,Downstream,136,,,,Forest,George,09/27/15,3,674031.960745,3990070.50554,524,1227744,-0.0247701092
S20,Downstream,113,,,,Forest,George,09/27/15,3,674034.742565,3990066.86648,524,1227744,-0.0247701092
S20,Downstream,168,,,,Forest,George,09/27/15,3,674038.478822,3990064.32631,524,1228068,-0.0247701092
S20,Downstream,129,,,,Forest,George,09/27/15,3,674043.081296,3990065.79511,525,1228248,-0.0247701092
S20,Downstream,93,,,,Forest,George,09/27/15,3,674047.970603,3990068.03004,525,1229508,-0.0247701092
S20,Downstream,73,10,,,Forest,George,09/27/15,3,674051.227106,3990065.78376,523,1229508,-0.0247701092
S20,Downstream,51,,,,Forest,George,09/27/15,3,674055.046339,3990066.76082,523,1229688,-0.0247701092
S20,Downstream,23,,,,Forest,George,09/27/15,3,674057.906837,3990064.99388,525,1229688,-0.0247701092
S20,Downstream,100,40,,,Forest,George,09/27/15,3,674063.900023,3990066.2791,523,1229796,-0.0247701092
S20,Downstream,122,,,,Forest,George,09/27/15,3,674067.24585,3990063.51533,523,1230372,-0.0247701092
S20,Downstream,90,,,,Forest,George,09/27/15,3,674070.178473,3990060.38535,522,1232676,-0.0247701092
S20,Downstream,136,,,,Forest,George,09/27/15,3,674074.735111,3990061.91097,522,1232676,-0.0247701092
S20,Downstream,91,30,,,Forest,George,09/27/15,3,674079.067225,3990062.9688,522,1232676,-0.0247701092
S20,Downstream,104,,,,Forest,George,09/27/15,3,674083.48593,3990062.00288,524,1233612,-0.0247701092
S20,Downstream,113,,,,Forest,George,09/27/15,3,674086.703568,3990064.22606,521,1233612,-0.0247701092
S20,Downstream,83,,,,Forest,George,09/27/15,3,674091.668029,3990064.74966,521,1233612,-0.0247701092
S20,Downstream,46,10,,,Forest,George,09/27/15,3,674094.593024,3990067.54823,520,1234584,-0.0247701092
S20,Downstream,35,,,,Forest,George,09/27/15,3,674096.587505,3990070.01837,520,1234584,-0.0247701092
S20,Downstream,72,10,,,Forest,George,09/27/15,3,674100.117779,3990072.87879,520,1234800,-0.0247701092
S20,Downstream,18,,,,Forest,George,09/27/15,3,674101.520781,3990077.27032,520,1234800,-0.0247701092
S20,Downstream,91,10,,,Forest,George,09/27/15,3,674105.556161,3990079.36802,520,1234836,-0.0247701092
S20,Downstream,43,,,,Forest,George,09/27/15,3,674110.395249,3990079.74121,520,1234836,-0.0247701092
S20,Downstream,14,,,,Forest,George,09/27/15,3,674113.412681,3990082.92261,520,1234836,-0.0247701092
S20,Downstream,33,,,,Forest,George,09/27/15,3,674116.991929,3990086.15779,520,1234836,-0.0247701092
